"freq.P1","freq.P2","freq.P3","freq.P4","clone.count","epitope","name"
0.00102165114542811,0.000840529317949971,0.00114485418173054,0.000945051977858781,62,"ORF1ab","NaraCOVID_CD8_001_TCR.wgcna.tcrdist3.tsv"
0,0,0,0,0,"ORF10","NaraCOVID_CD8_001_TCR.wgcna.tcrdist3.tsv"
0,3.59200563226483e-05,4.01703221659838e-05,0,3,"M","NaraCOVID_CD8_001_TCR.wgcna.tcrdist3.tsv"
0.000183373282512738,0.000258624405523068,0.000120510966497951,0.000337518563520994,19,"ORF3a","NaraCOVID_CD8_001_TCR.wgcna.tcrdist3.tsv"
0.000170275190904685,0.000459776720929899,0.000220936771912911,0.000112506187840331,6,"N","NaraCOVID_CD8_001_TCR.wgcna.tcrdist3.tsv"
0,2.1552033793589e-05,8.03406443319676e-05,4.50024751361325e-05,3,"ORF7a","NaraCOVID_CD8_001_TCR.wgcna.tcrdist3.tsv"
0,0,0,0,0,"ORF8","NaraCOVID_CD8_001_TCR.wgcna.tcrdist3.tsv"
3.92942748241581e-05,0.000502880788517077,0.000220936771912911,0,13,"S","NaraCOVID_CD8_001_TCR.wgcna.tcrdist3.tsv"
0,0,0,0,0,"ORF7b","NaraCOVID_CD8_001_TCR.wgcna.tcrdist3.tsv"
0.00014407900768858,1.43680225290593e-05,0,0,2,"E","NaraCOVID_CD8_001_TCR.wgcna.tcrdist3.tsv"
0,0,0,0,0,"ORF6","NaraCOVID_CD8_001_TCR.wgcna.tcrdist3.tsv"
0.00154393925071683,0.00077617469800934,0.00103379793784517,0.000706214689265536,34,"ORF1ab","NaraCOVID_CD8_002_TCR.wgcna.tcrdist3.tsv"
0.000346598607303778,0.00031307886978528,0.000462488551141259,0.000860699152542373,3,"ORF10","NaraCOVID_CD8_002_TCR.wgcna.tcrdist3.tsv"
0,7.174724099246e-05,0,0,2,"M","NaraCOVID_CD8_002_TCR.wgcna.tcrdist3.tsv"
0.000189053785802061,0.00035221372850844,6.34788207448786e-05,0.000463453389830508,8,"ORF3a","NaraCOVID_CD8_002_TCR.wgcna.tcrdist3.tsv"
0,3.26123822693e-05,0,4.4138418079096e-05,2,"N","NaraCOVID_CD8_002_TCR.wgcna.tcrdist3.tsv"
0,0,0,0,0,"ORF7a","NaraCOVID_CD8_002_TCR.wgcna.tcrdist3.tsv"
0,0,0,0,0,"ORF8","NaraCOVID_CD8_002_TCR.wgcna.tcrdist3.tsv"
0,1.304495290772e-05,0,0,1,"S","NaraCOVID_CD8_002_TCR.wgcna.tcrdist3.tsv"
0,0,0,0,0,"ORF7b","NaraCOVID_CD8_002_TCR.wgcna.tcrdist3.tsv"
0,0,0,0,0,"E","NaraCOVID_CD8_002_TCR.wgcna.tcrdist3.tsv"
0,0,0,0,0,"ORF6","NaraCOVID_CD8_002_TCR.wgcna.tcrdist3.tsv"
0.00107363857140897,0.00158497779821176,0.00124149389987772,0.00154878678368611,179,"ORF1ab","NaraCOVID_CD8_003_TCR.wgcna.tcrdist3.tsv"
4.11618621626443e-05,1.81486007428827e-05,2.8003621801753e-05,0,5,"ORF10","NaraCOVID_CD8_003_TCR.wgcna.tcrdist3.tsv"
0.000133776052028594,0.00019963460817171,5.60072436035061e-05,0.000268456375838926,21,"M","NaraCOVID_CD8_003_TCR.wgcna.tcrdist3.tsv"
0.000209239465993442,0.000308526212629006,0.000289370758618115,0.00022715539494063,49,"ORF3a","NaraCOVID_CD8_003_TCR.wgcna.tcrdist3.tsv"
0.000123485586487933,0.000235931809657475,3.73381624023374e-05,0.000474961280330408,24,"N","NaraCOVID_CD8_003_TCR.wgcna.tcrdist3.tsv"
0,0,0,0,0,"ORF7a","NaraCOVID_CD8_003_TCR.wgcna.tcrdist3.tsv"
0,0,0,0,0,"ORF8","NaraCOVID_CD8_003_TCR.wgcna.tcrdist3.tsv"
0.000270982259237408,0.000490012220057833,0.00844775924352883,0.000247805885389778,76,"S","NaraCOVID_CD8_003_TCR.wgcna.tcrdist3.tsv"
2.40110862615425e-05,0,2.8003621801753e-05,0,4,"ORF7b","NaraCOVID_CD8_003_TCR.wgcna.tcrdist3.tsv"
0,0,0,0,0,"E","NaraCOVID_CD8_003_TCR.wgcna.tcrdist3.tsv"
0,0,0,0,0,"ORF6","NaraCOVID_CD8_003_TCR.wgcna.tcrdist3.tsv"
0.00136447126738389,0.0011984328186218,0.00142651898798667,0.00137179077825475,35,"ORF1ab","NaraCOVID_CD8_004_TCR.wgcna.tcrdist3.tsv"
7.87194961952244e-05,0,1.52841320141429e-05,0,1,"ORF10","NaraCOVID_CD8_004_TCR.wgcna.tcrdist3.tsv"
0,0,5.60418173851907e-05,0,3,"M","NaraCOVID_CD8_004_TCR.wgcna.tcrdist3.tsv"
0.000104959328260299,3.07290466313283e-05,0.000193599005512477,0.00014190939085394,9,"ORF3a","NaraCOVID_CD8_004_TCR.wgcna.tcrdist3.tsv"
0,0,0,0,0,"N","NaraCOVID_CD8_004_TCR.wgcna.tcrdist3.tsv"
0,0,1.52841320141429e-05,0,1,"ORF7a","NaraCOVID_CD8_004_TCR.wgcna.tcrdist3.tsv"
0,0,0,2.36515651423233e-05,1,"ORF8","NaraCOVID_CD8_004_TCR.wgcna.tcrdist3.tsv"
0.000183678824455523,0.000245832373050626,0.000697975361979193,7.09546954269699e-05,21,"S","NaraCOVID_CD8_004_TCR.wgcna.tcrdist3.tsv"
0,0,0,0,0,"ORF7b","NaraCOVID_CD8_004_TCR.wgcna.tcrdist3.tsv"
0,0,0,0,0,"E","NaraCOVID_CD8_004_TCR.wgcna.tcrdist3.tsv"
0,0,0,0,0,"ORF6","NaraCOVID_CD8_004_TCR.wgcna.tcrdist3.tsv"
0.00150024003840614,0.00132836049660246,0.00119208299262091,0.00151373170907518,109,"ORF1ab","NaraCOVID_CD8_005_TCR.wgcna.tcrdist3.tsv"
2.00032005120819e-05,0,1.9703851117701e-05,7.20824623369134e-05,3,"ORF10","NaraCOVID_CD8_005_TCR.wgcna.tcrdist3.tsv"
0.000280044807169147,0,0.000364521245677468,0.00010812369350537,9,"M","NaraCOVID_CD8_005_TCR.wgcna.tcrdist3.tsv"
0.00052008321331413,0.00051090788330864,0.00041378087347172,0.00043249477402148,42,"ORF3a","NaraCOVID_CD8_005_TCR.wgcna.tcrdist3.tsv"
4.00064010241639e-05,0.000102181576661728,4.92596277942524e-05,0,4,"N","NaraCOVID_CD8_005_TCR.wgcna.tcrdist3.tsv"
0,0,0,0,0,"ORF7a","NaraCOVID_CD8_005_TCR.wgcna.tcrdist3.tsv"
0,0,0,0,0,"ORF8","NaraCOVID_CD8_005_TCR.wgcna.tcrdist3.tsv"
0.000280044807169147,0.0092729780820518,0.00125119454597401,0.000612700929863764,35,"S","NaraCOVID_CD8_005_TCR.wgcna.tcrdist3.tsv"
0.00010001600256041,5.1090788330864e-05,2.95557766765514e-05,0,4,"ORF7b","NaraCOVID_CD8_005_TCR.wgcna.tcrdist3.tsv"
0,0,0,0,0,"E","NaraCOVID_CD8_005_TCR.wgcna.tcrdist3.tsv"
0,0,0,0,0,"ORF6","NaraCOVID_CD8_005_TCR.wgcna.tcrdist3.tsv"
0.000399671848377122,0.000702761266141548,0.000249322155390033,0.000595609507062226,36,"ORF1ab","NaraCOVID_CD8_006_TCR.wgcna.tcrdist3.tsv"
2.10353604409012e-05,4.88028657042742e-05,0,8.5087072437461e-05,3,"ORF10","NaraCOVID_CD8_006_TCR.wgcna.tcrdist3.tsv"
3.15530406613517e-05,5.8563438845129e-05,0,0,3,"M","NaraCOVID_CD8_006_TCR.wgcna.tcrdist3.tsv"
0.000210353604409012,0.000263535474803081,0.000327235328949419,0,20,"ORF3a","NaraCOVID_CD8_006_TCR.wgcna.tcrdist3.tsv"
4.20707208818023e-05,0.000107366304549403,0,8.5087072437461e-05,5,"N","NaraCOVID_CD8_006_TCR.wgcna.tcrdist3.tsv"
8.41414417636046e-05,0,3.11652694237542e-05,0,3,"ORF7a","NaraCOVID_CD8_006_TCR.wgcna.tcrdist3.tsv"
0,0,0,0,0,"ORF8","NaraCOVID_CD8_006_TCR.wgcna.tcrdist3.tsv"
9.46591219840553e-05,0.000458746937620177,0.000140243712406894,8.5087072437461e-05,15,"S","NaraCOVID_CD8_006_TCR.wgcna.tcrdist3.tsv"
2.10353604409012e-05,3.90422925634193e-05,3.11652694237542e-05,5.67247149583073e-05,4,"ORF7b","NaraCOVID_CD8_006_TCR.wgcna.tcrdist3.tsv"
0,0,0,0,0,"E","NaraCOVID_CD8_006_TCR.wgcna.tcrdist3.tsv"
0,0,0,0,0,"ORF6","NaraCOVID_CD8_006_TCR.wgcna.tcrdist3.tsv"
0.0100159282956724,0.00867575871444044,0.00944346272967376,0.00672344240251008,34,"ORF1ab","NaraCOVID_CD8_007_TCR.wgcna.tcrdist3.tsv"
2.69971113090899e-05,7.73634535045645e-05,0,0,3,"ORF10","NaraCOVID_CD8_007_TCR.wgcna.tcrdist3.tsv"
5.39942226181798e-05,6.6311531575341e-05,3.80018620912425e-05,0,5,"M","NaraCOVID_CD8_007_TCR.wgcna.tcrdist3.tsv"
0.00014398459364848,8.8415375433788e-05,0.000247012103593076,0,13,"ORF3a","NaraCOVID_CD8_007_TCR.wgcna.tcrdist3.tsv"
0,7.73634535045645e-05,0.000285013965684318,0,5,"N","NaraCOVID_CD8_007_TCR.wgcna.tcrdist3.tsv"
0,3.31557657876705e-05,0,0,1,"ORF7a","NaraCOVID_CD8_007_TCR.wgcna.tcrdist3.tsv"
0,3.31557657876705e-05,0,0,1,"ORF8","NaraCOVID_CD8_007_TCR.wgcna.tcrdist3.tsv"
0.00032396533570908,0.00666430892332177,0.00509224952022649,0.00448229493500672,27,"S","NaraCOVID_CD8_007_TCR.wgcna.tcrdist3.tsv"
2.69971113090899e-05,0,0,0,1,"ORF7b","NaraCOVID_CD8_007_TCR.wgcna.tcrdist3.tsv"
0,0,0,0,0,"E","NaraCOVID_CD8_007_TCR.wgcna.tcrdist3.tsv"
0,0,0,0,0,"ORF6","NaraCOVID_CD8_007_TCR.wgcna.tcrdist3.tsv"
0.00150213833810483,0.00140441044642323,0.000745368069851636,0.00151070630993563,115,"ORF1ab","NaraCOVID_CD8_008_TCR.wgcna.tcrdist3.tsv"
1.76722157424098e-05,0,0,0,1,"ORF10","NaraCOVID_CD8_008_TCR.wgcna.tcrdist3.tsv"
0.000220902696780122,0.000109563935536564,0,4.37885886937864e-05,12,"M","NaraCOVID_CD8_008_TCR.wgcna.tcrdist3.tsv"
0.000167886049552893,0.000358572879937847,0.000248456023283879,0.000240837237815825,22,"ORF3a","NaraCOVID_CD8_008_TCR.wgcna.tcrdist3.tsv"
7.95249708408441e-05,6.97225044323591e-05,0,0.00041599159259097,9,"N","NaraCOVID_CD8_008_TCR.wgcna.tcrdist3.tsv"
0.000132541618068073,9.96035777605131e-05,0,0,3,"ORF7a","NaraCOVID_CD8_008_TCR.wgcna.tcrdist3.tsv"
0,0,0,0,0,"ORF8","NaraCOVID_CD8_008_TCR.wgcna.tcrdist3.tsv"
0.000132541618068073,0.0034562441482898,0.000496912046567758,0.000394097298244078,23,"S","NaraCOVID_CD8_008_TCR.wgcna.tcrdist3.tsv"
0,2.98810733281539e-05,0,0.000175154354775146,2,"ORF7b","NaraCOVID_CD8_008_TCR.wgcna.tcrdist3.tsv"
0,2.98810733281539e-05,7.09874352239654e-05,0,2,"E","NaraCOVID_CD8_008_TCR.wgcna.tcrdist3.tsv"
0,0,0,0,0,"ORF6","NaraCOVID_CD8_008_TCR.wgcna.tcrdist3.tsv"
0.00120911186702994,0.0012232022146398,0.000830422083500372,0.000673596824992262,47,"ORF1ab","NaraCOVID_CD8_009_TCR.wgcna.tcrdist3.tsv"
0,0,0,9.10265979719274e-05,2,"ORF10","NaraCOVID_CD8_009_TCR.wgcna.tcrdist3.tsv"
0.000822196069580358,0.000643790639284104,0.000143176221293168,0.000163847876349469,10,"M","NaraCOVID_CD8_009_TCR.wgcna.tcrdist3.tsv"
0.000257943864966387,0.000418463915534668,0.000343622931103603,0.000127437237160698,15,"ORF3a","NaraCOVID_CD8_009_TCR.wgcna.tcrdist3.tsv"
0.000274065356526786,0.000160947659821026,0.000114540977034534,0.000145642556755084,9,"N","NaraCOVID_CD8_009_TCR.wgcna.tcrdist3.tsv"
0,0,0,3.6410639188771e-05,1,"ORF7a","NaraCOVID_CD8_009_TCR.wgcna.tcrdist3.tsv"
6.44859662415967e-05,0.000160947659821026,0,0,2,"ORF8","NaraCOVID_CD8_009_TCR.wgcna.tcrdist3.tsv"
3.22429831207983e-05,0.00141633940642503,0.000773151594983106,0,15,"S","NaraCOVID_CD8_009_TCR.wgcna.tcrdist3.tsv"
3.22429831207983e-05,0,0.000314987686844969,0,2,"ORF7b","NaraCOVID_CD8_009_TCR.wgcna.tcrdist3.tsv"
0,0,0,0,0,"E","NaraCOVID_CD8_009_TCR.wgcna.tcrdist3.tsv"
0,0,0,0,0,"ORF6","NaraCOVID_CD8_009_TCR.wgcna.tcrdist3.tsv"
0.00302086184030482,0.00206527708139341,0.00239543025612678,0.0020375148462137,63,"ORF1ab","NaraCOVID_CD8_010_TCR.wgcna.tcrdist3.tsv"
0,0,3.94851141119798e-05,5.11938403571282e-05,3,"ORF10","NaraCOVID_CD8_010_TCR.wgcna.tcrdist3.tsv"
0.000126307812138181,2.38760356230452e-05,3.94851141119798e-05,7.16713764999795e-05,8,"M","NaraCOVID_CD8_010_TCR.wgcna.tcrdist3.tsv"
4.21026040460602e-05,0.000179070267172839,0.000184263865855906,0.000143342752999959,14,"ORF3a","NaraCOVID_CD8_010_TCR.wgcna.tcrdist3.tsv"
3.15769530345452e-05,3.58140534345677e-05,6.58085235199663e-05,0,4,"N","NaraCOVID_CD8_010_TCR.wgcna.tcrdist3.tsv"
0,0,0,0,0,"ORF7a","NaraCOVID_CD8_010_TCR.wgcna.tcrdist3.tsv"
0,0,0,0,0,"ORF8","NaraCOVID_CD8_010_TCR.wgcna.tcrdist3.tsv"
0.000147359114161211,0.00156388033330946,0.00209271104793493,9.21489126428308e-05,32,"S","NaraCOVID_CD8_010_TCR.wgcna.tcrdist3.tsv"
3.15769530345452e-05,0,2.63234094079865e-05,0,2,"ORF7b","NaraCOVID_CD8_010_TCR.wgcna.tcrdist3.tsv"
0,0,0,0,0,"E","NaraCOVID_CD8_010_TCR.wgcna.tcrdist3.tsv"
0,0,0,0,0,"ORF6","NaraCOVID_CD8_010_TCR.wgcna.tcrdist3.tsv"
0.00139747145009498,0.001268620855358,0.000841871830147225,0.00111205730601613,54,"ORF1ab","NaraCOVID_CD8_011_TCR.wgcna.tcrdist3.tsv"
0,0,0,0,0,"ORF10","NaraCOVID_CD8_011_TCR.wgcna.tcrdist3.tsv"
0.000109177457038671,0,6.16003778156506e-05,0,3,"M","NaraCOVID_CD8_011_TCR.wgcna.tcrdist3.tsv"
0.000414874336746949,0.000422873618452667,0.000492803022525205,0.000400741371537344,23,"ORF3a","NaraCOVID_CD8_011_TCR.wgcna.tcrdist3.tsv"
8.73419656309366e-05,0,4.10669185437671e-05,0.00025046335721084,8,"N","NaraCOVID_CD8_011_TCR.wgcna.tcrdist3.tsv"
0,0,0,3.00556028653008e-05,1,"ORF7a","NaraCOVID_CD8_011_TCR.wgcna.tcrdist3.tsv"
0,0,0,0,0,"ORF8","NaraCOVID_CD8_011_TCR.wgcna.tcrdist3.tsv"
0.000327532371116012,0.000615088899567515,0.000369602266893903,0.000190352151480238,22,"S","NaraCOVID_CD8_011_TCR.wgcna.tcrdist3.tsv"
4.36709828154683e-05,7.68861124459395e-05,4.10669185437671e-05,5.0092671442168e-05,4,"ORF7b","NaraCOVID_CD8_011_TCR.wgcna.tcrdist3.tsv"
0,0,0,2.00370685768672e-05,1,"E","NaraCOVID_CD8_011_TCR.wgcna.tcrdist3.tsv"
0,0,4.10669185437671e-05,0,1,"ORF6","NaraCOVID_CD8_011_TCR.wgcna.tcrdist3.tsv"
0.00173712605856119,0.00172301455150945,0.00189383691358693,0.000946851272889683,73,"ORF1ab","NaraCOVID_CD8_012_TCR.wgcna.tcrdist3.tsv"
0.000100218811070838,4.3437341634692e-05,0,0.000357302367128182,7,"ORF10","NaraCOVID_CD8_012_TCR.wgcna.tcrdist3.tsv"
0.000267250162855568,0.000202707594295229,0.000162328878307451,7.14604734256364e-05,14,"M","NaraCOVID_CD8_012_TCR.wgcna.tcrdist3.tsv"
0.00016703135178473,0.000318540505321074,0,0.00041089772219741,18,"ORF3a","NaraCOVID_CD8_012_TCR.wgcna.tcrdist3.tsv"
0.000133625081427784,8.68746832693839e-05,0,7.14604734256364e-05,5,"N","NaraCOVID_CD8_012_TCR.wgcna.tcrdist3.tsv"
0,0,0,0,0,"ORF7a","NaraCOVID_CD8_012_TCR.wgcna.tcrdist3.tsv"
0,0,0,0,0,"ORF8","NaraCOVID_CD8_012_TCR.wgcna.tcrdist3.tsv"
0.000517797190532663,0.00304061391442844,0.000486986634922353,0.000768200089325592,30,"S","NaraCOVID_CD8_012_TCR.wgcna.tcrdist3.tsv"
0,0.000115832911025845,0,0,2,"ORF7b","NaraCOVID_CD8_012_TCR.wgcna.tcrdist3.tsv"
0,0,0,0,0,"E","NaraCOVID_CD8_012_TCR.wgcna.tcrdist3.tsv"
0,0,0,0,0,"ORF6","NaraCOVID_CD8_012_TCR.wgcna.tcrdist3.tsv"
0.000947968747610966,0.00207843090411744,0.00124387210068047,0.00132453805096193,106,"ORF1ab","NaraCOVID_CD8_013_TCR.wgcna.tcrdist3.tsv"
0,3.58350155882318e-05,0.000146337894197703,0.000157370857540031,5,"ORF10","NaraCOVID_CD8_013_TCR.wgcna.tcrdist3.tsv"
9.17389110591258e-05,7.16700311764635e-05,0.000146337894197703,0,7,"M","NaraCOVID_CD8_013_TCR.wgcna.tcrdist3.tsv"
0.000290506551687232,0.00034640515068624,0.000365844735494256,0.000157370857540031,22,"ORF3a","NaraCOVID_CD8_013_TCR.wgcna.tcrdist3.tsv"
0.000198767640628106,0,0,0.000157370857540031,7,"N","NaraCOVID_CD8_013_TCR.wgcna.tcrdist3.tsv"
3.05796370197086e-05,4.7780020784309e-05,0,0,3,"ORF7a","NaraCOVID_CD8_013_TCR.wgcna.tcrdist3.tsv"
0,5.97250259803863e-05,0,0,1,"ORF8","NaraCOVID_CD8_013_TCR.wgcna.tcrdist3.tsv"
0.000366955644236503,0.00188731082098021,0.000109753420648277,0.000209827810053375,35,"S","NaraCOVID_CD8_013_TCR.wgcna.tcrdist3.tsv"
3.05796370197086e-05,3.58350155882318e-05,0,0,1,"ORF7b","NaraCOVID_CD8_013_TCR.wgcna.tcrdist3.tsv"
0,5.97250259803863e-05,0,0,1,"E","NaraCOVID_CD8_013_TCR.wgcna.tcrdist3.tsv"
0,0,0,0,0,"ORF6","NaraCOVID_CD8_013_TCR.wgcna.tcrdist3.tsv"
0.00158380994280686,0.00170690075591319,0.000605702690834204,0.00111825787194686,159,"ORF1ab","NaraCOVID_CD8_014_TCR.wgcna.tcrdist3.tsv"
0,3.12619186064687e-05,0,0,2,"ORF10","NaraCOVID_CD8_014_TCR.wgcna.tcrdist3.tsv"
0.000117319255022731,0.000112542906983287,0.000242281076333682,0.000184974986337075,21,"M","NaraCOVID_CD8_014_TCR.wgcna.tcrdist3.tsv"
0.000205308696289779,0.000512695465146087,0.000227138509062826,0.0004035817883718,54,"ORF3a","NaraCOVID_CD8_014_TCR.wgcna.tcrdist3.tsv"
7.33245343892067e-05,0.000137552441868463,0.000136283105437696,0.000151343170639425,14,"N","NaraCOVID_CD8_014_TCR.wgcna.tcrdist3.tsv"
5.86596275113654e-05,6.87762209342312e-05,3.02851345417102e-05,5.88556774708875e-05,9,"ORF7a","NaraCOVID_CD8_014_TCR.wgcna.tcrdist3.tsv"
0,0,0,0,0,"ORF8","NaraCOVID_CD8_014_TCR.wgcna.tcrdist3.tsv"
8.7989441267048e-05,0.00384521598859565,0.000999409439876436,0.00023542270988355,51,"S","NaraCOVID_CD8_014_TCR.wgcna.tcrdist3.tsv"
0.000117319255022731,3.12619186064687e-05,0,6.72636313953e-05,4,"ORF7b","NaraCOVID_CD8_014_TCR.wgcna.tcrdist3.tsv"
0,1.25047674425875e-05,0,0,1,"E","NaraCOVID_CD8_014_TCR.wgcna.tcrdist3.tsv"
0,0,0,1.6815907848825e-05,1,"ORF6","NaraCOVID_CD8_014_TCR.wgcna.tcrdist3.tsv"
0.00236172273283754,0.00230150570934183,0.00221277362168003,0.00278584594760654,106,"ORF1ab","NaraCOVID_CD8_015_TCR.wgcna.tcrdist3.tsv"
2.2840645385276e-05,0,0,2.79282801765067e-05,2,"ORF10","NaraCOVID_CD8_015_TCR.wgcna.tcrdist3.tsv"
8.22263233869936e-05,5.49992173188304e-05,7.07572960420942e-05,0.00014662347092666,14,"M","NaraCOVID_CD8_015_TCR.wgcna.tcrdist3.tsv"
0.000109635097849325,0.000156536233907441,4.50273702086054e-05,0.000216444171367927,21,"ORF3a","NaraCOVID_CD8_015_TCR.wgcna.tcrdist3.tsv"
5.02494198476072e-05,2.53842541471525e-05,0,0,5,"N","NaraCOVID_CD8_015_TCR.wgcna.tcrdist3.tsv"
0,0,2.57299258334888e-05,0,1,"ORF7a","NaraCOVID_CD8_015_TCR.wgcna.tcrdist3.tsv"
0,0,0,0,0,"ORF8","NaraCOVID_CD8_015_TCR.wgcna.tcrdist3.tsv"
0.000118771356003435,0.000689605570997644,9.6487221875583e-05,6.28386303971402e-05,30,"S","NaraCOVID_CD8_015_TCR.wgcna.tcrdist3.tsv"
0,8.46141804905084e-06,0,0,1,"ORF7b","NaraCOVID_CD8_015_TCR.wgcna.tcrdist3.tsv"
0,0,0,0,0,"E","NaraCOVID_CD8_015_TCR.wgcna.tcrdist3.tsv"
0,0,0,0,0,"ORF6","NaraCOVID_CD8_015_TCR.wgcna.tcrdist3.tsv"
0.000964389274427394,0.0013112205025741,0.000725913393387901,0.00085966603277151,230,"ORF1ab","NaraCOVID_CD8_016_TCR.wgcna.tcrdist3.tsv"
1.30322874922621e-05,1.61133087873929e-05,8.57378023686497e-05,8.68349528052031e-05,10,"ORF10","NaraCOVID_CD8_016_TCR.wgcna.tcrdist3.tsv"
7.81937249535725e-05,0.000189331378251867,3.42951209474599e-05,3.47339811220812e-05,25,"M","NaraCOVID_CD8_016_TCR.wgcna.tcrdist3.tsv"
0.000417033199752387,0.000588135770739842,0.000371530476930815,0.000364706801781853,111,"ORF3a","NaraCOVID_CD8_016_TCR.wgcna.tcrdist3.tsv"
9.12260124458347e-05,0.000118835652307023,9.1453655859893e-05,0,18,"N","NaraCOVID_CD8_016_TCR.wgcna.tcrdist3.tsv"
5.21291499690484e-05,2.61841267795135e-05,1.14317069824866e-05,3.47339811220813e-05,8,"ORF7a","NaraCOVID_CD8_016_TCR.wgcna.tcrdist3.tsv"
0,0,0,0,0,"ORF8","NaraCOVID_CD8_016_TCR.wgcna.tcrdist3.tsv"
0.000215032743622324,0.000618348224716204,0.000268645114088436,0.000260504858415609,57,"S","NaraCOVID_CD8_016_TCR.wgcna.tcrdist3.tsv"
1.30322874922621e-05,4.02832719684824e-05,0,0.000191036896171447,8,"ORF7b","NaraCOVID_CD8_016_TCR.wgcna.tcrdist3.tsv"
0,5.84107443542994e-05,0,0.000104201943366244,7,"E","NaraCOVID_CD8_016_TCR.wgcna.tcrdist3.tsv"
0,6.04249079527236e-06,0,0,1,"ORF6","NaraCOVID_CD8_016_TCR.wgcna.tcrdist3.tsv"
0.00115818993139047,0.00114045693061286,0.00110043720072569,0.00201194323751632,128,"ORF1ab","NaraCOVID_CD8_017_TCR.wgcna.tcrdist3.tsv"
2.35165468302634e-05,0.000149568122047588,8.92246378966779e-05,4.28073029258792e-05,11,"ORF10","NaraCOVID_CD8_017_TCR.wgcna.tcrdist3.tsv"
0.000117582734151317,7.47840610237939e-05,0.000193320048776135,8.56146058517583e-05,13,"M","NaraCOVID_CD8_017_TCR.wgcna.tcrdist3.tsv"
0.000129341007566449,0.000130872106791639,0.000252803140707254,0.000107018257314698,17,"ORF3a","NaraCOVID_CD8_017_TCR.wgcna.tcrdist3.tsv"
1.17582734151317e-05,0,0,0,1,"N","NaraCOVID_CD8_017_TCR.wgcna.tcrdist3.tsv"
1.17582734151317e-05,1.24640101706323e-05,2.97415459655593e-05,0,3,"ORF7a","NaraCOVID_CD8_017_TCR.wgcna.tcrdist3.tsv"
0,0,2.97415459655593e-05,0,1,"ORF8","NaraCOVID_CD8_017_TCR.wgcna.tcrdist3.tsv"
0.000141099280981581,0.000124640101706323,0.00553192754959403,0.00218317244921984,49,"S","NaraCOVID_CD8_017_TCR.wgcna.tcrdist3.tsv"
0,0,0,4.28073029258792e-05,1,"ORF7b","NaraCOVID_CD8_017_TCR.wgcna.tcrdist3.tsv"
1.17582734151317e-05,0,7.43538649138982e-05,0,2,"E","NaraCOVID_CD8_017_TCR.wgcna.tcrdist3.tsv"
3.52748202453951e-05,0,0,0,2,"ORF6","NaraCOVID_CD8_017_TCR.wgcna.tcrdist3.tsv"
0.000642668157879363,0.00120193026412567,0.000525350646776033,0.000940409917966028,26,"ORF1ab","NaraCOVID_CD8_018_TCR.wgcna.tcrdist3.tsv"
0,4.18582679048741e-05,0,0,2,"ORF10","NaraCOVID_CD8_018_TCR.wgcna.tcrdist3.tsv"
0,0,0,3.35860684987867e-05,1,"M","NaraCOVID_CD8_018_TCR.wgcna.tcrdist3.tsv"
0,2.98987627891958e-05,0,7.55686541222701e-05,3,"ORF3a","NaraCOVID_CD8_018_TCR.wgcna.tcrdist3.tsv"
0,0,0,0,0,"N","NaraCOVID_CD8_018_TCR.wgcna.tcrdist3.tsv"
0,0,0,0,0,"ORF7a","NaraCOVID_CD8_018_TCR.wgcna.tcrdist3.tsv"
0,0,0,0,0,"ORF8","NaraCOVID_CD8_018_TCR.wgcna.tcrdist3.tsv"
0,0.0001375343088303,0.000733508450215593,4.19825856234834e-05,12,"S","NaraCOVID_CD8_018_TCR.wgcna.tcrdist3.tsv"
0,0,1.98245527085295e-05,0,1,"ORF7b","NaraCOVID_CD8_018_TCR.wgcna.tcrdist3.tsv"
0,0,0,0,0,"E","NaraCOVID_CD8_018_TCR.wgcna.tcrdist3.tsv"
0,0,0,0,0,"ORF6","NaraCOVID_CD8_018_TCR.wgcna.tcrdist3.tsv"
0.000505873942847855,0.000806650437913049,0.000414666633158253,0.000789419957806864,87,"ORF1ab","NaraCOVID_CD8_019_TCR.wgcna.tcrdist3.tsv"
1.82446340043489e-05,2.15425932973812e-05,1.88484833253751e-05,0,6,"ORF10","NaraCOVID_CD8_019_TCR.wgcna.tcrdist3.tsv"
4.14650772826111e-05,2.3936214774868e-05,0.000157070694378126,0.000199623437606333,8,"M","NaraCOVID_CD8_019_TCR.wgcna.tcrdist3.tsv"
7.62957422000043e-05,7.89895087570643e-05,0.000100525244402,4.99058594015834e-05,26,"ORF3a","NaraCOVID_CD8_019_TCR.wgcna.tcrdist3.tsv"
2.32204432782622e-05,4.78724295497359e-06,0,2.26844815461743e-05,5,"N","NaraCOVID_CD8_019_TCR.wgcna.tcrdist3.tsv"
0,3.11170792073283e-05,0,0,1,"ORF7a","NaraCOVID_CD8_019_TCR.wgcna.tcrdist3.tsv"
0,0,0,0,0,"ORF8","NaraCOVID_CD8_019_TCR.wgcna.tcrdist3.tsv"
6.63441236521776e-05,0.00140744942876223,0.000257595938780126,9.98117188031668e-05,39,"S","NaraCOVID_CD8_019_TCR.wgcna.tcrdist3.tsv"
2.98548556434799e-05,4.30851865947623e-05,0,0,2,"ORF7b","NaraCOVID_CD8_019_TCR.wgcna.tcrdist3.tsv"
0,0,0,0,0,"E","NaraCOVID_CD8_019_TCR.wgcna.tcrdist3.tsv"
0,0,0,0,0,"ORF6","NaraCOVID_CD8_019_TCR.wgcna.tcrdist3.tsv"
0.00127889685915015,0.0016265006608729,0.000823227050036141,0.00242046503184424,214,"ORF1ab","NaraCOVID_CD8_020_TCR.wgcna.tcrdist3.tsv"
1.00700540090563e-05,0.000243119046151528,6.02361256124006e-05,3.52984483810619e-05,4,"ORF10","NaraCOVID_CD8_020_TCR.wgcna.tcrdist3.tsv"
8.72738014118216e-05,7.53326621877975e-05,6.02361256124006e-05,7.56395322451326e-05,18,"M","NaraCOVID_CD8_020_TCR.wgcna.tcrdist3.tsv"
0.00041287221437131,0.000345845403680343,0.000140550959762268,0.000292472858014513,56,"ORF3a","NaraCOVID_CD8_020_TCR.wgcna.tcrdist3.tsv"
8.3917116742136e-05,6.84842383525431e-05,0,8.06821677281415e-05,13,"N","NaraCOVID_CD8_020_TCR.wgcna.tcrdist3.tsv"
3.0210162027169e-05,2.05452715057629e-05,0,7.56395322451326e-05,4,"ORF7a","NaraCOVID_CD8_020_TCR.wgcna.tcrdist3.tsv"
1.00700540090563e-05,0,0,0,1,"ORF8","NaraCOVID_CD8_020_TCR.wgcna.tcrdist3.tsv"
0.000137624071457103,0.000181483231634239,0.000220865793912135,0.000156321699973274,37,"S","NaraCOVID_CD8_020_TCR.wgcna.tcrdist3.tsv"
7.38470627330797e-05,1.02726357528815e-05,4.01574170749337e-05,1.51279064490265e-05,8,"ORF7b","NaraCOVID_CD8_020_TCR.wgcna.tcrdist3.tsv"
2.68534773574836e-05,0.000130120052869832,0,2.52131774150442e-05,1,"E","NaraCOVID_CD8_020_TCR.wgcna.tcrdist3.tsv"
0,0,0,0,0,"ORF6","NaraCOVID_CD8_020_TCR.wgcna.tcrdist3.tsv"
0.00162576582126844,0.00138189036494121,0.00166982077257041,0.00107042552064014,77,"ORF1ab","NaraCOVID_CD8_021_TCR.wgcna.tcrdist3.tsv"
3.42266488688093e-05,5.34432737822568e-05,0,0.000137777542260612,5,"ORF10","NaraCOVID_CD8_021_TCR.wgcna.tcrdist3.tsv"
0.000633193004072971,2.29042601923958e-05,3.18061099537221e-05,9.53844523342695e-05,7,"M","NaraCOVID_CD8_021_TCR.wgcna.tcrdist3.tsv"
0.000718759626244994,0.000412276683463124,0.000254448879629777,0.000381537809337078,37,"ORF3a","NaraCOVID_CD8_021_TCR.wgcna.tcrdist3.tsv"
0,4.58085203847916e-05,0,5.29913624079275e-05,2,"N","NaraCOVID_CD8_021_TCR.wgcna.tcrdist3.tsv"
0,6.10780271797221e-05,0,0,1,"ORF7a","NaraCOVID_CD8_021_TCR.wgcna.tcrdist3.tsv"
0,4.58085203847916e-05,0,0,1,"ORF8","NaraCOVID_CD8_021_TCR.wgcna.tcrdist3.tsv"
0.000136906595475237,0.000313024889296076,0.000333964154514082,0.000254358539558052,16,"S","NaraCOVID_CD8_021_TCR.wgcna.tcrdist3.tsv"
0.000119793271040833,0,0,0,3,"ORF7b","NaraCOVID_CD8_021_TCR.wgcna.tcrdist3.tsv"
3.42266488688093e-05,0,0,0,1,"E","NaraCOVID_CD8_021_TCR.wgcna.tcrdist3.tsv"
0,0,0,0,0,"ORF6","NaraCOVID_CD8_021_TCR.wgcna.tcrdist3.tsv"
0.000690277287524022,0.000671868333423243,0.000477604682262631,0.000552800328521338,121,"ORF1ab","NaraCOVID_CD8_022_TCR.wgcna.tcrdist3.tsv"
8.62846609405028e-05,1.47124452574433e-05,3.47348859827368e-05,1.57942951006097e-05,4,"ORF10","NaraCOVID_CD8_022_TCR.wgcna.tcrdist3.tsv"
9.41287210260031e-05,4.90414841914776e-05,4.3418607478421e-05,5.79124153689021e-05,8,"M","NaraCOVID_CD8_022_TCR.wgcna.tcrdist3.tsv"
0.000227477742479507,0.000210878382023354,0.000169332569165842,0.00016847248107317,49,"ORF3a","NaraCOVID_CD8_022_TCR.wgcna.tcrdist3.tsv"
4.70643605130016e-05,2.45207420957388e-05,0,2.63238251676828e-05,4,"N","NaraCOVID_CD8_022_TCR.wgcna.tcrdist3.tsv"
0,0,0,0,0,"ORF7a","NaraCOVID_CD8_022_TCR.wgcna.tcrdist3.tsv"
0,0,1.30255822435263e-05,4.21181202682924e-05,3,"ORF8","NaraCOVID_CD8_022_TCR.wgcna.tcrdist3.tsv"
0.000878534729576029,0.00280517289575252,0.00184529081783289,0.000905539585768287,43,"S","NaraCOVID_CD8_022_TCR.wgcna.tcrdist3.tsv"
0,1.47124452574433e-05,1.73674429913684e-05,1.05295300670731e-05,4,"ORF7b","NaraCOVID_CD8_022_TCR.wgcna.tcrdist3.tsv"
0,0,0,0,0,"E","NaraCOVID_CD8_022_TCR.wgcna.tcrdist3.tsv"
0,1.9616593676591e-05,0,0,1,"ORF6","NaraCOVID_CD8_022_TCR.wgcna.tcrdist3.tsv"
0.00192526787903261,0.00167604453489764,0.00150722936562984,0.00145551932929669,118,"ORF1ab","NaraCOVID_CD8_023_TCR.wgcna.tcrdist3.tsv"
5.76859289597785e-05,6.53004364245834e-05,0,0,4,"ORF10","NaraCOVID_CD8_023_TCR.wgcna.tcrdist3.tsv"
0.000259586680319003,5.44170303538195e-05,0.000106706503761404,0,13,"M","NaraCOVID_CD8_023_TCR.wgcna.tcrdist3.tsv"
0.00056243780735784,0.000108834060707639,0.000173398068612282,0.00023288309268747,33,"ORF3a","NaraCOVID_CD8_023_TCR.wgcna.tcrdist3.tsv"
8.65288934396677e-05,0.000163251091061459,0,9.70346219531128e-05,8,"N","NaraCOVID_CD8_023_TCR.wgcna.tcrdist3.tsv"
0.000757127817597093,0.000533286897467431,0.000266766259403511,0.000271696941468716,1,"ORF7a","NaraCOVID_CD8_023_TCR.wgcna.tcrdist3.tsv"
0,0,0,0,0,"ORF8","NaraCOVID_CD8_023_TCR.wgcna.tcrdist3.tsv"
0.000180268527999308,0.00314530435445077,0.00112041828949474,0.000582207731718678,45,"S","NaraCOVID_CD8_023_TCR.wgcna.tcrdist3.tsv"
5.04751878398062e-05,0,0.000146721442671931,0,4,"ORF7b","NaraCOVID_CD8_023_TCR.wgcna.tcrdist3.tsv"
4.32644467198339e-05,0,0,0,1,"E","NaraCOVID_CD8_023_TCR.wgcna.tcrdist3.tsv"
0,0,0,0,0,"ORF6","NaraCOVID_CD8_023_TCR.wgcna.tcrdist3.tsv"
0.0013907254571155,0.000659567159051872,0.000452375752659658,0.00134138162307176,57,"ORF1ab","NaraCOVID_CD8_024_TCR.wgcna.tcrdist3.tsv"
0.000182390223884,8.2445894881484e-05,0,0,3,"ORF10","NaraCOVID_CD8_024_TCR.wgcna.tcrdist3.tsv"
0,9.61868773617314e-05,0,3.43944005915837e-05,4,"M","NaraCOVID_CD8_024_TCR.wgcna.tcrdist3.tsv"
0.000136792667913,0.000288560632085194,0.0002963841138115,3.43944005915837e-05,12,"ORF3a","NaraCOVID_CD8_024_TCR.wgcna.tcrdist3.tsv"
0.000319182891797,0.000412229474407421,0.000155991638848158,0.000154774802662127,7,"N","NaraCOVID_CD8_024_TCR.wgcna.tcrdist3.tsv"
0,0,0,3.43944005915837e-05,1,"ORF7a","NaraCOVID_CD8_024_TCR.wgcna.tcrdist3.tsv"
0,0,0,0,0,"ORF8","NaraCOVID_CD8_024_TCR.wgcna.tcrdist3.tsv"
0.000410378003739,0.000659567159051873,0.00365020434904689,0.00156494522691706,39,"S","NaraCOVID_CD8_024_TCR.wgcna.tcrdist3.tsv"
0,5.49639299209894e-05,3.11983277696316e-05,8.59860014789592e-05,4,"ORF7b","NaraCOVID_CD8_024_TCR.wgcna.tcrdist3.tsv"
0,9.61868773617314e-05,0,3.43944005915837e-05,2,"E","NaraCOVID_CD8_024_TCR.wgcna.tcrdist3.tsv"
0,0,0,0,0,"ORF6","NaraCOVID_CD8_024_TCR.wgcna.tcrdist3.tsv"
0.00175939764278553,0.00183528332186281,0.00182850596742836,0.00143179879368808,186,"ORF1ab","NaraCOVID_CD8_025_TCR.wgcna.tcrdist3.tsv"
0.000227019050682003,7.55021619753688e-05,0.000126673606177265,5.57286955627098e-05,12,"ORF10","NaraCOVID_CD8_025_TCR.wgcna.tcrdist3.tsv"
9.45912711175013e-05,0.000139388606723758,9.36283176092836e-05,0.000188620200366095,24,"M","NaraCOVID_CD8_025_TCR.wgcna.tcrdist3.tsv"
0.000340528576023005,0.000450109042545468,0.000302915145206506,0.000398674514410155,80,"ORF3a","NaraCOVID_CD8_025_TCR.wgcna.tcrdist3.tsv"
0,4.93667982146643e-05,0,0.000132891504803385,12,"N","NaraCOVID_CD8_025_TCR.wgcna.tcrdist3.tsv"
0,3.19432223741945e-05,7.71056733252923e-05,3.85814046203376e-05,7,"ORF7a","NaraCOVID_CD8_025_TCR.wgcna.tcrdist3.tsv"
0,0,0,0,0,"ORF8","NaraCOVID_CD8_025_TCR.wgcna.tcrdist3.tsv"
9.45912711175013e-05,0.0035137544611614,0.00106846433036477,0.000480124146386423,61,"S","NaraCOVID_CD8_025_TCR.wgcna.tcrdist3.tsv"
0,6.0982515441644e-05,3.30452885679825e-05,2.14341136779653e-05,9,"ORF7b","NaraCOVID_CD8_025_TCR.wgcna.tcrdist3.tsv"
0,5.80785861348991e-06,0,6.00155182983029e-05,3,"E","NaraCOVID_CD8_025_TCR.wgcna.tcrdist3.tsv"
0,0,0,8.57364547118612e-06,1,"ORF6","NaraCOVID_CD8_025_TCR.wgcna.tcrdist3.tsv"
0.000392618767177071,0.000868859597039149,0.000549108368545466,0.000379647025611572,131,"ORF1ab","NaraCOVID_CD8_026_TCR.wgcna.tcrdist3.tsv"
0,2.96876855480347e-05,3.34822175942357e-05,1.94690782364909e-05,4,"ORF10","NaraCOVID_CD8_026_TCR.wgcna.tcrdist3.tsv"
0,0.000140521711594031,8.70537657450129e-05,0.000184956243246663,29,"M","NaraCOVID_CD8_026_TCR.wgcna.tcrdist3.tsv"
0,0.000209792977872778,0.000120535983339249,9.73453911824545e-05,31,"ORF3a","NaraCOVID_CD8_026_TCR.wgcna.tcrdist3.tsv"
0,0.000130625816411353,0.000267857740753886,5.84072347094726e-05,18,"N","NaraCOVID_CD8_026_TCR.wgcna.tcrdist3.tsv"
0,5.93753710960693e-05,1.33928870376943e-05,1.94690782364909e-05,6,"ORF7a","NaraCOVID_CD8_026_TCR.wgcna.tcrdist3.tsv"
0,0,0,0,0,"ORF8","NaraCOVID_CD8_026_TCR.wgcna.tcrdist3.tsv"
0,0.000241459842457349,0.0126629746941399,0.00315399067431153,66,"S","NaraCOVID_CD8_026_TCR.wgcna.tcrdist3.tsv"
0,3.76044016941772e-05,0.000154018200933484,0,9,"ORF7b","NaraCOVID_CD8_026_TCR.wgcna.tcrdist3.tsv"
0,0,0,0,0,"E","NaraCOVID_CD8_026_TCR.wgcna.tcrdist3.tsv"
0,0,0,0,0,"ORF6","NaraCOVID_CD8_026_TCR.wgcna.tcrdist3.tsv"
0.00177012546303892,0.00148825128457462,0.000861458942251485,0.00110052008449154,177,"ORF1ab","NaraCOVID_CD8_027_TCR.wgcna.tcrdist3.tsv"
6.90780668502992e-05,5.64648183849448e-05,4.10218543929278e-05,1.7750323943412e-05,7,"ORF10","NaraCOVID_CD8_027_TCR.wgcna.tcrdist3.tsv"
6.04433084940118e-05,8.46972275774172e-05,0,6.2126133801942e-05,12,"M","NaraCOVID_CD8_027_TCR.wgcna.tcrdist3.tsv"
0.000328120817538921,0.000290390494551145,0.000338430298741655,0.00026625485915118,54,"ORF3a","NaraCOVID_CD8_027_TCR.wgcna.tcrdist3.tsv"
0.000120886616988024,6.45312210113655e-05,9.22991723840876e-05,0.000150877753519002,17,"N","NaraCOVID_CD8_027_TCR.wgcna.tcrdist3.tsv"
1.72695167125748e-05,5.24316170717344e-05,0,8.87516197170599e-05,8,"ORF7a","NaraCOVID_CD8_027_TCR.wgcna.tcrdist3.tsv"
0,0,0,0,0,"ORF8","NaraCOVID_CD8_027_TCR.wgcna.tcrdist3.tsv"
0.000345390334251496,0.00132289003073299,0.000399963080331047,0.00017750323943412,45,"S","NaraCOVID_CD8_027_TCR.wgcna.tcrdist3.tsv"
0,0.000173427656468045,0,0,4,"ORF7b","NaraCOVID_CD8_027_TCR.wgcna.tcrdist3.tsv"
4.3173791781437e-05,0,0,0,1,"E","NaraCOVID_CD8_027_TCR.wgcna.tcrdist3.tsv"
0,0,0,0,0,"ORF6","NaraCOVID_CD8_027_TCR.wgcna.tcrdist3.tsv"
0.00937821066042001,0.00660622879011338,0.00368449781659388,0.0166122004357298,83,"ORF1ab","NaraCOVID_CD8_028_TCR.wgcna.tcrdist3.tsv"
3.28771627008589e-05,2.94545232680214e-05,0,0,5,"ORF10","NaraCOVID_CD8_028_TCR.wgcna.tcrdist3.tsv"
0,4.41817849020322e-05,0,9.47238798901203e-05,8,"M","NaraCOVID_CD8_028_TCR.wgcna.tcrdist3.tsv"
0.000221920848230797,9.04674643232087e-05,3.03250849102378e-05,0.000260490669697831,26,"ORF3a","NaraCOVID_CD8_028_TCR.wgcna.tcrdist3.tsv"
0.000131508650803436,0.000105194725957219,0,8.28833949038553e-05,9,"N","NaraCOVID_CD8_028_TCR.wgcna.tcrdist3.tsv"
0,0,0,3.55214549587951e-05,1,"ORF7a","NaraCOVID_CD8_028_TCR.wgcna.tcrdist3.tsv"
0,0,0,0,0,"ORF8","NaraCOVID_CD8_028_TCR.wgcna.tcrdist3.tsv"
4.10964533760736e-05,0.000164103772493262,3.03250849102378e-05,0,5,"S","NaraCOVID_CD8_028_TCR.wgcna.tcrdist3.tsv"
0,0,0,2.36809699725301e-05,1,"ORF7b","NaraCOVID_CD8_028_TCR.wgcna.tcrdist3.tsv"
0,0,0,0,0,"E","NaraCOVID_CD8_028_TCR.wgcna.tcrdist3.tsv"
0,0,0,0,0,"ORF6","NaraCOVID_CD8_028_TCR.wgcna.tcrdist3.tsv"
0.000825057754042783,0.00068604635521059,0.0012348426339237,0.000793650793650793,53,"ORF1ab","NaraCOVID_CD8_029_TCR.wgcna.tcrdist3.tsv"
0,0,7.85412275993874e-05,3.55366027007818e-05,3,"ORF10","NaraCOVID_CD8_029_TCR.wgcna.tcrdist3.tsv"
0,0,0.000165809258265373,0,4,"M","NaraCOVID_CD8_029_TCR.wgcna.tcrdist3.tsv"
0.000180012600882062,0.00020177833976782,0.000213806675131666,8.29187396351576e-05,16,"ORF3a","NaraCOVID_CD8_029_TCR.wgcna.tcrdist3.tsv"
0,2.69037786357094e-05,0,5.92276711679697e-05,3,"N","NaraCOVID_CD8_029_TCR.wgcna.tcrdist3.tsv"
0,0,0,0,0,"ORF7a","NaraCOVID_CD8_029_TCR.wgcna.tcrdist3.tsv"
0,0,0,0,0,"ORF8","NaraCOVID_CD8_029_TCR.wgcna.tcrdist3.tsv"
0.000105007350514536,0.000228682118403529,0.00018762626593187,0.000355366027007818,11,"S","NaraCOVID_CD8_029_TCR.wgcna.tcrdist3.tsv"
0,0,5.67242199328909e-05,4.73821369343757e-05,1,"ORF7b","NaraCOVID_CD8_029_TCR.wgcna.tcrdist3.tsv"
0,0,0,0,0,"E","NaraCOVID_CD8_029_TCR.wgcna.tcrdist3.tsv"
0,0,0,0,0,"ORF6","NaraCOVID_CD8_029_TCR.wgcna.tcrdist3.tsv"
0.000110065488965935,0.000930207232020909,0.00104929792429792,0.000789450076253701,72,"ORF1ab","NaraCOVID_CD8_030_TCR.wgcna.tcrdist3.tsv"
0.000110065488965935,3.17631737763238e-05,0,1.79420471875841e-05,4,"ORF10","NaraCOVID_CD8_030_TCR.wgcna.tcrdist3.tsv"
0,0.00016789106138914,3.81562881562882e-05,0.000897102359379205,11,"M","NaraCOVID_CD8_030_TCR.wgcna.tcrdist3.tsv"
0.000440261955863739,0.000285868563986913,3.81562881562882e-05,0.000170449448282049,16,"ORF3a","NaraCOVID_CD8_030_TCR.wgcna.tcrdist3.tsv"
0,3.63007700300843e-05,0,0.000565174486408899,3,"N","NaraCOVID_CD8_030_TCR.wgcna.tcrdist3.tsv"
0,9.07519250752106e-06,0,0,1,"ORF7a","NaraCOVID_CD8_030_TCR.wgcna.tcrdist3.tsv"
0,0,0,1.79420471875841e-05,1,"ORF8","NaraCOVID_CD8_030_TCR.wgcna.tcrdist3.tsv"
0,0.000149740676374097,0.00124007936507937,0.000538261415627523,12,"S","NaraCOVID_CD8_030_TCR.wgcna.tcrdist3.tsv"
0,3.17631737763237e-05,3.81562881562882e-05,1.79420471875841e-05,4,"ORF7b","NaraCOVID_CD8_030_TCR.wgcna.tcrdist3.tsv"
0,0,0,1.79420471875841e-05,1,"E","NaraCOVID_CD8_030_TCR.wgcna.tcrdist3.tsv"
0,0,0,0,0,"ORF6","NaraCOVID_CD8_030_TCR.wgcna.tcrdist3.tsv"
0.000436387569392777,0.000939520912912584,0.000369370649239949,0.000956261433560618,135,"ORF1ab","NaraCOVID_CD8_031_TCR.wgcna.tcrdist3.tsv"
0,4.2861355516085e-05,0,6.75619491102611e-05,10,"ORF10","NaraCOVID_CD8_031_TCR.wgcna.tcrdist3.tsv"
5.72311566416757e-05,0.000114868432783108,4.26196902969172e-05,0.000135123898220522,22,"M","NaraCOVID_CD8_031_TCR.wgcna.tcrdist3.tsv"
0.000100154524122932,0.000169730967843697,5.68262537292229e-05,0.000129926825212041,39,"ORF3a","NaraCOVID_CD8_031_TCR.wgcna.tcrdist3.tsv"
0,2.5716813309651e-05,0,1.03941460169632e-05,5,"N","NaraCOVID_CD8_031_TCR.wgcna.tcrdist3.tsv"
0,3.4289084412868e-05,0,1.03941460169632e-05,4,"ORF7a","NaraCOVID_CD8_031_TCR.wgcna.tcrdist3.tsv"
0,0,0,0,0,"ORF8","NaraCOVID_CD8_031_TCR.wgcna.tcrdist3.tsv"
8.58467349625136e-05,0.00523765764406559,0.000127859070890752,0.000114335606186596,162,"S","NaraCOVID_CD8_031_TCR.wgcna.tcrdist3.tsv"
7.15389458020946e-05,0.000224593502904285,0,0,15,"ORF7b","NaraCOVID_CD8_031_TCR.wgcna.tcrdist3.tsv"
0,0,0,0,0,"E","NaraCOVID_CD8_031_TCR.wgcna.tcrdist3.tsv"
0,0,0,0,0,"ORF6","NaraCOVID_CD8_031_TCR.wgcna.tcrdist3.tsv"
0.00102954802841553,0.00128770413838688,0.000881728692081446,0.0012681884928581,133,"ORF1ab","NaraCOVID_CD8_032_TCR.wgcna.tcrdist3.tsv"
0.000102954802841553,1.41063051153493e-05,3.14903104314802e-05,0,7,"ORF10","NaraCOVID_CD8_032_TCR.wgcna.tcrdist3.tsv"
6.86365352277017e-05,0.000151138983378742,0.000119663179639625,0,21,"M","NaraCOVID_CD8_032_TCR.wgcna.tcrdist3.tsv"
8.57956690346272e-05,0.000153154169823792,0.000201537986761474,0.000266987051128021,27,"ORF3a","NaraCOVID_CD8_032_TCR.wgcna.tcrdist3.tsv"
0,3.62733560108982e-05,0,0.000166866906955013,5,"N","NaraCOVID_CD8_032_TCR.wgcna.tcrdist3.tsv"
6.86365352277017e-05,2.0151864450499e-05,1.25961241725921e-05,6.67467627820051e-05,6,"ORF7a","NaraCOVID_CD8_032_TCR.wgcna.tcrdist3.tsv"
0,0,0,0,0,"ORF8","NaraCOVID_CD8_032_TCR.wgcna.tcrdist3.tsv"
0.00060056968324239,0.00077987715423431,0.0124512687446073,0.00297023094379923,88,"S","NaraCOVID_CD8_032_TCR.wgcna.tcrdist3.tsv"
0,0,1.25961241725921e-05,0,1,"ORF7b","NaraCOVID_CD8_032_TCR.wgcna.tcrdist3.tsv"
0,1.81366780054491e-05,0,0,1,"E","NaraCOVID_CD8_032_TCR.wgcna.tcrdist3.tsv"
0,0,0,0,0,"ORF6","NaraCOVID_CD8_032_TCR.wgcna.tcrdist3.tsv"
0.000914165677941377,0.00131463628396144,0.000863952838339177,0.00142987719345876,70,"ORF1ab","NaraCOVID_CD8_033_TCR.wgcna.tcrdist3.tsv"
0.000213953669305428,0.000292141396435875,0,0.000171947257441243,5,"ORF10","NaraCOVID_CD8_033_TCR.wgcna.tcrdist3.tsv"
0.000272304670025091,0,0.0004573867967678,0.00023529624702486,11,"M","NaraCOVID_CD8_033_TCR.wgcna.tcrdist3.tsv"
5.83510007196623e-05,0,0.000152462265589266,0.000334844659227685,16,"ORF3a","NaraCOVID_CD8_033_TCR.wgcna.tcrdist3.tsv"
0,0,0.000127051887991056,8.14487008932207e-05,5,"N","NaraCOVID_CD8_033_TCR.wgcna.tcrdist3.tsv"
0,0,0,1.80997113096046e-05,1,"ORF7a","NaraCOVID_CD8_033_TCR.wgcna.tcrdist3.tsv"
0,0,0,0,0,"ORF8","NaraCOVID_CD8_033_TCR.wgcna.tcrdist3.tsv"
5.83510007196623e-05,0.000292141396435875,0.000762311327946333,0.000334844659227685,19,"S","NaraCOVID_CD8_033_TCR.wgcna.tcrdist3.tsv"
0,0,0,0,0,"ORF7b","NaraCOVID_CD8_033_TCR.wgcna.tcrdist3.tsv"
0,0,0,0,0,"E","NaraCOVID_CD8_033_TCR.wgcna.tcrdist3.tsv"
0,0,0,0,0,"ORF6","NaraCOVID_CD8_033_TCR.wgcna.tcrdist3.tsv"
0.000661696590056906,0.00106244175209692,0.000398399159739954,0.00119800463490318,41,"ORF1ab","NaraCOVID_CD8_034_TCR.wgcna.tcrdist3.tsv"
4.41131060037937e-05,0,0,0,1,"ORF10","NaraCOVID_CD8_034_TCR.wgcna.tcrdist3.tsv"
4.41131060037937e-05,0.000111835973904939,3.62181054309049e-05,0,4,"M","NaraCOVID_CD8_034_TCR.wgcna.tcrdist3.tsv"
0.000110282765009484,0.000149114631873253,0.000108654316292715,0.000392788404886288,8,"ORF3a","NaraCOVID_CD8_034_TCR.wgcna.tcrdist3.tsv"
0,3.72786579683131e-05,0,5.89182607329432e-05,2,"N","NaraCOVID_CD8_034_TCR.wgcna.tcrdist3.tsv"
0,0,0,0,0,"ORF7a","NaraCOVID_CD8_034_TCR.wgcna.tcrdist3.tsv"
0,0,7.24362108618098e-05,0,1,"ORF8","NaraCOVID_CD8_034_TCR.wgcna.tcrdist3.tsv"
0,0.000540540540540541,0,7.85576809772576e-05,6,"S","NaraCOVID_CD8_034_TCR.wgcna.tcrdist3.tsv"
0,0,0,0,0,"ORF7b","NaraCOVID_CD8_034_TCR.wgcna.tcrdist3.tsv"
0,0,0,0,0,"E","NaraCOVID_CD8_034_TCR.wgcna.tcrdist3.tsv"
0,5.59179869524697e-05,0,0,1,"ORF6","NaraCOVID_CD8_034_TCR.wgcna.tcrdist3.tsv"
0.00106629953568729,0.000751314800901577,0.00060079448345125,0.00100487410899597,82,"ORF1ab","NaraCOVID_CD8_035_TCR.wgcna.tcrdist3.tsv"
0,0.000153678027457141,0,1.87826936260929e-05,2,"ORF10","NaraCOVID_CD8_035_TCR.wgcna.tcrdist3.tsv"
0.000121477162293489,0.000119527354688887,0.000116572063953228,0.00015965289582179,13,"M","NaraCOVID_CD8_035_TCR.wgcna.tcrdist3.tsv"
0.000310441636972249,0.000426883409603169,0.000206242882378788,0.000309914444830533,30,"ORF3a","NaraCOVID_CD8_035_TCR.wgcna.tcrdist3.tsv"
0,0.000375657400450788,0,0.000253566363952254,11,"N","NaraCOVID_CD8_035_TCR.wgcna.tcrdist3.tsv"
0,0,4.48354092127799e-05,1.87826936260929e-05,2,"ORF7a","NaraCOVID_CD8_035_TCR.wgcna.tcrdist3.tsv"
0,0,0,1.87826936260929e-05,1,"ORF8","NaraCOVID_CD8_035_TCR.wgcna.tcrdist3.tsv"
6.74873123852716e-05,0.001212348883273,0.00265425622539657,0.000432001953400137,26,"S","NaraCOVID_CD8_035_TCR.wgcna.tcrdist3.tsv"
0.000161969549724652,0,1.7934163685112e-05,3.75653872521858e-05,6,"ORF7b","NaraCOVID_CD8_035_TCR.wgcna.tcrdist3.tsv"
0,0,0,2.81740404391394e-05,1,"E","NaraCOVID_CD8_035_TCR.wgcna.tcrdist3.tsv"
0,0,0,2.81740404391394e-05,1,"ORF6","NaraCOVID_CD8_035_TCR.wgcna.tcrdist3.tsv"
0.00125294990633287,0.00137893530657034,0.00186875702851095,0.00109637595181953,106,"ORF1ab","NaraCOVID_CD8_036_TCR.wgcna.tcrdist3.tsv"
3.64936865922195e-05,0,6.61506912747238e-05,0,4,"ORF10","NaraCOVID_CD8_036_TCR.wgcna.tcrdist3.tsv"
0,7.76864961448076e-05,0.00017364556459615,6.00753946202484e-05,10,"M","NaraCOVID_CD8_036_TCR.wgcna.tcrdist3.tsv"
0.00048658248789626,0.000349589232651634,0.000223258583052193,0.000240301578480994,33,"ORF3a","NaraCOVID_CD8_036_TCR.wgcna.tcrdist3.tsv"
0,9.71081201810095e-05,4.96130184560428e-05,0,3,"N","NaraCOVID_CD8_036_TCR.wgcna.tcrdist3.tsv"
7.2987373184439e-05,0,4.13441820467024e-05,3.00376973101242e-05,6,"ORF7a","NaraCOVID_CD8_036_TCR.wgcna.tcrdist3.tsv"
0,0,8.26883640934048e-05,4.50565459651863e-05,3,"ORF8","NaraCOVID_CD8_036_TCR.wgcna.tcrdist3.tsv"
0.000158139308566285,0.000174794616325817,0.00168684262750546,0.000210263881170869,34,"S","NaraCOVID_CD8_036_TCR.wgcna.tcrdist3.tsv"
4.8658248789626e-05,0,2.48065092280214e-05,0,3,"ORF7b","NaraCOVID_CD8_036_TCR.wgcna.tcrdist3.tsv"
0,0,0,0,0,"E","NaraCOVID_CD8_036_TCR.wgcna.tcrdist3.tsv"
0,0,0,0,0,"ORF6","NaraCOVID_CD8_036_TCR.wgcna.tcrdist3.tsv"
0.000819859126814384,0.000524422348782816,0.000812716624835664,0.00086137543779813,99,"ORF1ab","NaraCOVID_CD8_037_TCR.wgcna.tcrdist3.tsv"
9.98089371774032e-05,3.14653409269689e-05,4.78068602844508e-05,4.87571002527243e-05,8,"ORF10","NaraCOVID_CD8_037_TCR.wgcna.tcrdist3.tsv"
6.41628881854735e-05,2.09768939513126e-05,4.78068602844508e-05,2.43785501263622e-05,6,"M","NaraCOVID_CD8_037_TCR.wgcna.tcrdist3.tsv"
0.00022813471354835,0.000451003219953221,0,0.000398182985397249,29,"ORF3a","NaraCOVID_CD8_037_TCR.wgcna.tcrdist3.tsv"
4.27752587903157e-05,0,0.000167324010995578,4.06309168772703e-05,4,"N","NaraCOVID_CD8_037_TCR.wgcna.tcrdist3.tsv"
0.00049191547608863,0.000325141856245346,0.000215130871280029,0.000723230320415411,4,"ORF7a","NaraCOVID_CD8_037_TCR.wgcna.tcrdist3.tsv"
1.42584195967719e-05,0,0,0,1,"ORF8","NaraCOVID_CD8_037_TCR.wgcna.tcrdist3.tsv"
8.55505175806313e-05,0.00179352443283723,0.00152981952910243,0.000235659317888168,31,"S","NaraCOVID_CD8_037_TCR.wgcna.tcrdist3.tsv"
0,0,4.78068602844508e-05,1.62523667509081e-05,2,"ORF7b","NaraCOVID_CD8_037_TCR.wgcna.tcrdist3.tsv"
0,0,0,0,0,"E","NaraCOVID_CD8_037_TCR.wgcna.tcrdist3.tsv"
0,2.09768939513126e-05,0,0,1,"ORF6","NaraCOVID_CD8_037_TCR.wgcna.tcrdist3.tsv"
0.000957449354918496,0.000308560345587588,0.000394527119794215,0.000607078376183606,76,"ORF1ab","NaraCOVID_CD8_038_TCR.wgcna.tcrdist3.tsv"
2.39362338729624e-05,0,0,3.94206737781562e-05,3,"ORF10","NaraCOVID_CD8_038_TCR.wgcna.tcrdist3.tsv"
0.000135638658613454,0.000176320197478621,0,3.94206737781562e-05,8,"M","NaraCOVID_CD8_038_TCR.wgcna.tcrdist3.tsv"
0.000430852209713323,0.000308560345587588,0.000126248678334149,0.000339017794492143,35,"ORF3a","NaraCOVID_CD8_038_TCR.wgcna.tcrdist3.tsv"
5.58512123702456e-05,0.000132240148108966,0,3.94206737781562e-05,6,"N","NaraCOVID_CD8_038_TCR.wgcna.tcrdist3.tsv"
5.58512123702456e-05,0,0,1.57682695112625e-05,3,"ORF7a","NaraCOVID_CD8_038_TCR.wgcna.tcrdist3.tsv"
3.19149784972832e-05,0,0,0,1,"ORF8","NaraCOVID_CD8_038_TCR.wgcna.tcrdist3.tsv"
6.38299569945664e-05,0.000176320197478621,0.000142029763125917,0.000141914425601362,10,"S","NaraCOVID_CD8_038_TCR.wgcna.tcrdist3.tsv"
0,0,0,0,0,"ORF7b","NaraCOVID_CD8_038_TCR.wgcna.tcrdist3.tsv"
0,0,3.15621695835372e-05,0,1,"E","NaraCOVID_CD8_038_TCR.wgcna.tcrdist3.tsv"
0,0,0,0,0,"ORF6","NaraCOVID_CD8_038_TCR.wgcna.tcrdist3.tsv"
0.00119566145699889,0.000845328386596849,0.00163640202702703,0.000937619594336013,54,"ORF1ab","NaraCOVID_CD8_039_TCR.wgcna.tcrdist3.tsv"
3.4161755914254e-05,0,0,0,1,"ORF10","NaraCOVID_CD8_039_TCR.wgcna.tcrdist3.tsv"
0.000102485267742762,0,0.000422297297297297,0.000105243015690777,8,"M","NaraCOVID_CD8_039_TCR.wgcna.tcrdist3.tsv"
0.000239132291399778,0.000258294784793482,0.000105574324324324,8.61079219288175e-05,10,"ORF3a","NaraCOVID_CD8_039_TCR.wgcna.tcrdist3.tsv"
3.4161755914254e-05,4.69626881442694e-05,0.000158361486486487,0.000191350937619595,8,"N","NaraCOVID_CD8_039_TCR.wgcna.tcrdist3.tsv"
3.4161755914254e-05,0,0,0,1,"ORF7a","NaraCOVID_CD8_039_TCR.wgcna.tcrdist3.tsv"
0,0,0,0,0,"ORF8","NaraCOVID_CD8_039_TCR.wgcna.tcrdist3.tsv"
3.4161755914254e-05,0.00162021274097729,0.000633445945945946,0,16,"S","NaraCOVID_CD8_039_TCR.wgcna.tcrdist3.tsv"
0,0,0,0,0,"ORF7b","NaraCOVID_CD8_039_TCR.wgcna.tcrdist3.tsv"
0,4.69626881442694e-05,0,0,1,"E","NaraCOVID_CD8_039_TCR.wgcna.tcrdist3.tsv"
0,0,0,0,0,"ORF6","NaraCOVID_CD8_039_TCR.wgcna.tcrdist3.tsv"
0.00179470626210458,0.00181177654755913,0.00125478588205013,0.0017646517519311,218,"ORF1ab","NaraCOVID_CD8_040_TCR.wgcna.tcrdist3.tsv"
9.68366688185927e-06,0.000100654252642174,0,8.66086749414038e-05,6,"ORF10","NaraCOVID_CD8_040_TCR.wgcna.tcrdist3.tsv"
0.000106520335700452,0.000301962757926522,0.00022521797882951,7.57825905737283e-05,17,"M","NaraCOVID_CD8_040_TCR.wgcna.tcrdist3.tsv"
0.000177533892834086,0,0,0.000238173856088861,32,"ORF3a","NaraCOVID_CD8_040_TCR.wgcna.tcrdist3.tsv"
0.000100064557779212,0,9.65219909269329e-05,0.000189456476434321,18,"N","NaraCOVID_CD8_040_TCR.wgcna.tcrdist3.tsv"
1.2911555842479e-05,0,0,0,1,"ORF7a","NaraCOVID_CD8_040_TCR.wgcna.tcrdist3.tsv"
1.61394448030988e-05,0.000201308505284348,0,0,2,"ORF8","NaraCOVID_CD8_040_TCR.wgcna.tcrdist3.tsv"
0.000251775338928341,0.000201308505284348,0.000128695987902577,0.000184043434250483,36,"S","NaraCOVID_CD8_040_TCR.wgcna.tcrdist3.tsv"
6.77856681730148e-05,0,0,0,6,"ORF7b","NaraCOVID_CD8_040_TCR.wgcna.tcrdist3.tsv"
0,0,0,2.1652168735351e-05,1,"E","NaraCOVID_CD8_040_TCR.wgcna.tcrdist3.tsv"
0,0,0,0,0,"ORF6","NaraCOVID_CD8_040_TCR.wgcna.tcrdist3.tsv"
0.00158031000975085,0.00151187525271171,0.00119018447859418,0.00131648456694366,102,"ORF1ab","NaraCOVID_CD8_041_TCR.wgcna.tcrdist3.tsv"
0.000134494468914966,0,0.000175027129205027,4.19262600937471e-05,5,"ORF10","NaraCOVID_CD8_041_TCR.wgcna.tcrdist3.tsv"
0.000168118086143707,0.00021095933758768,0,0.00029348382065623,13,"M","NaraCOVID_CD8_041_TCR.wgcna.tcrdist3.tsv"
0.000773343196261053,0.00063287801276304,0.000875135646025134,0.000545041381218712,28,"ORF3a","NaraCOVID_CD8_041_TCR.wgcna.tcrdist3.tsv"
0,0.000140639558391787,0,0.000125778780281241,7,"N","NaraCOVID_CD8_041_TCR.wgcna.tcrdist3.tsv"
0,0,0,5.03115121124966e-05,2,"ORF7a","NaraCOVID_CD8_041_TCR.wgcna.tcrdist3.tsv"
0,0,0,0,0,"ORF8","NaraCOVID_CD8_041_TCR.wgcna.tcrdist3.tsv"
0.000437107023973638,0.00631120018283143,0.00182028214373228,0.00098945973821243,30,"S","NaraCOVID_CD8_041_TCR.wgcna.tcrdist3.tsv"
0.000100870851686224,8.78997239948667e-05,0,0,3,"ORF7b","NaraCOVID_CD8_041_TCR.wgcna.tcrdist3.tsv"
0,0,7.00108516820107e-05,0,1,"E","NaraCOVID_CD8_041_TCR.wgcna.tcrdist3.tsv"
0,0,0,0,0,"ORF6","NaraCOVID_CD8_041_TCR.wgcna.tcrdist3.tsv"
