"class","counts","prop","sum_TP1","sum_TP2","sum_TP3","sum_TP4","name"
"0",634,0.0252720532546737,0.161669744718195,0.159262345723358,0.151512412629549,0.174879618379011,"NaraCOVID_CD8_001_TCR.join.strict.table.txt"
"blue",309,0.0123171363654482,0.298977039045411,0.101581919280449,0.173947537559251,0.154200981053958,"NaraCOVID_CD8_001_TCR.join.strict.table.txt"
"brown",106,0.00422529597002432,0.0213236931379098,0.0158120087932298,0.0502731581907287,0.0195085729715134,"NaraCOVID_CD8_001_TCR.join.strict.table.txt"
"green",189,0.00753378243711883,0.0175645408463987,0.0477808589203868,0.0179661765887362,0.0164484046622564,"NaraCOVID_CD8_001_TCR.join.strict.table.txt"
"invblue",77,0.00306931877067804,0.0190184290148925,0.0444043736260578,0.0338434964248413,0.0429548625174385,"NaraCOVID_CD8_001_TCR.join.strict.table.txt"
"invbrown",28,0.0011161159166102,0.00733493130050952,0.00861362950617107,0.00423796898851129,0.00765042077314252,"NaraCOVID_CD8_001_TCR.join.strict.table.txt"
"invgreen",42,0.00167417387491529,0.14461602944451,0.0705829106740039,0.133305214107817,0.130844696458305,"NaraCOVID_CD8_001_TCR.join.strict.table.txt"
"invred",191,0.00761350500259098,0.0508205954392445,0.0508699837641345,0.0350586486703623,0.0232662796453805,"NaraCOVID_CD8_001_TCR.join.strict.table.txt"
"invturquoise",78,0.00310918005341412,0.0146436664178029,0.0206396643629937,0.0245842371655821,0.00657036136987534,"NaraCOVID_CD8_001_TCR.join.strict.table.txt"
"invyellow",99,0.00394626699087177,0.00499037290266808,0.0162286814465725,0.0309914035510565,0.0179784888168849,"NaraCOVID_CD8_001_TCR.join.strict.table.txt"
"red",181,0.0072148921752302,0.024860177872084,0.0184557249385767,0.0696955089579818,0.0924575851671842,"NaraCOVID_CD8_001_TCR.join.strict.table.txt"
"singlet",22933,0.914138796986487,0.181997982893892,0.408921105188293,0.244747730376798,0.241663291481031,"NaraCOVID_CD8_001_TCR.join.strict.table.txt"
"turquoise",183,0.00729461474070236,0.0341074305473692,0.0242963260966393,0.0222041455772475,0.0589532424283336,"NaraCOVID_CD8_001_TCR.join.strict.table.txt"
"yellow",37,0.0014748674612349,0.0180753664191127,0.0125504676791333,0.00763236121153692,0.0126231942756852,"NaraCOVID_CD8_001_TCR.join.strict.table.txt"
"0",662,0.0461420506029135,0.130667674953524,0.199992173028255,0.123629537602133,0.226871468926554,"NaraCOVID_CD8_002_TCR.join.strict.table.txt"
"blue",408,0.0284380009758138,0.144153511674071,0.0421417203683895,0.0406083084707952,0.0293299788135593,"NaraCOVID_CD8_002_TCR.join.strict.table.txt"
"brown",56,0.00390325503589601,0.00267826196552919,0.00215893970622766,0.192830520617014,0.00975459039548023,"NaraCOVID_CD8_002_TCR.join.strict.table.txt"
"green",155,0.0108036523314979,0.0664839146737247,0.118813431083514,0.0434829922102419,0.0587040960451977,"NaraCOVID_CD8_002_TCR.join.strict.table.txt"
"invblue",66,0.00460026486373458,0.00173299303651889,0.012066581439641,0.00857870920352217,0.0147201624293785,"NaraCOVID_CD8_002_TCR.join.strict.table.txt"
"invbrown",31,0.00216073046629957,0.0872798311119514,0.0906298103263847,0.0396198525477678,0.086378884180791,"NaraCOVID_CD8_002_TCR.join.strict.table.txt"
"invgreen",17,0.00118491670732557,0.00299335160853263,0.0010109838503483,0.00256635803868581,0.00297934322033898,"NaraCOVID_CD8_002_TCR.join.strict.table.txt"
"invred",140,0.00975813758974002,0.0397328039827331,0.0371455034047327,0.0174838809137323,0.00825388418079096,"NaraCOVID_CD8_002_TCR.join.strict.table.txt"
"invturquoise",34,0.00236983341465115,0.00488388946655323,0.00645072921286754,0.0073272695945517,0.00192002118644068,"NaraCOVID_CD8_002_TCR.join.strict.table.txt"
"invyellow",79,0.00550637763992472,0.000630179286006869,0.00416133997756268,0.0148359072483745,0.0056055790960452,"NaraCOVID_CD8_002_TCR.join.strict.table.txt"
"red",192,0.0133825886945006,0.0069634811103759,0.0118969970518406,0.0253461862831337,0.0606682556497175,"NaraCOVID_CD8_002_TCR.join.strict.table.txt"
"singlet",12193,0.849864083083572,0.146737246746699,0.189575778131441,0.317702429425154,0.112575035310734,"NaraCOVID_CD8_002_TCR.join.strict.table.txt"
"turquoise",251,0.0174949466787482,0.0824589595739988,0.0713493699287746,0.0510369718788824,0.173486052259887,"NaraCOVID_CD8_002_TCR.join.strict.table.txt"
"yellow",63,0.00439116191538301,0.28260390080978,0.212606642490021,0.114951075966012,0.208752648305085,"NaraCOVID_CD8_002_TCR.join.strict.table.txt"
"0",348,0.00445582586427657,0.0317323655722185,0.0253354466370643,0.0288063922934033,0.0229220443985545,"NaraCOVID_CD8_003_TCR.join.strict.table.txt"
"blue",143,0.00183098591549296,0.0520148731528614,0.018112303541397,0.0210680581355189,0.0144553433144037,"NaraCOVID_CD8_003_TCR.join.strict.table.txt"
"brown",215,0.00275288092189501,0.00681571834309784,0.00334539207027138,0.026454088062056,0.003902942694889,"NaraCOVID_CD8_003_TCR.join.strict.table.txt"
"green",220,0.0028169014084507,0.00477477601086673,0.0156138461724601,0.00263234044936478,0.00231285493030459,"NaraCOVID_CD8_003_TCR.join.strict.table.txt"
"invblue",10,0.000128040973111396,0.000665450104962749,0.00151238339524023,0.00127883206228005,0.00146618482188952,"NaraCOVID_CD8_003_TCR.join.strict.table.txt"
"invbrown",23,0.00029449423815621,0.0239527736234787,0.0257589139877315,0.0133483930588356,0.0276097057305111,"NaraCOVID_CD8_003_TCR.join.strict.table.txt"
"invgreen",23,0.00029449423815621,0.333349340724174,0.211667130464241,0.320865498604486,0.344697986577181,"NaraCOVID_CD8_003_TCR.join.strict.table.txt"
"invred",296,0.00379001280409731,0.015037800310086,0.0164789294745375,0.00567540068515528,0.00189984512132163,"NaraCOVID_CD8_003_TCR.join.strict.table.txt"
"invturquoise",111,0.00142125480153649,0.00798540125955298,0.00941912378555613,0.0112761250455059,0.00268456375838926,"NaraCOVID_CD8_003_TCR.join.strict.table.txt"
"invyellow",27,0.000345710627400768,0.000946722829740817,0.00142164039152581,0.00336976915681095,0.00165203923593185,"NaraCOVID_CD8_003_TCR.join.strict.table.txt"
"red",75,0.000960307298335467,0.00606108420344936,0.00449480345065395,0.010127976551634,0.0164584408879711,"NaraCOVID_CD8_003_TCR.join.strict.table.txt"
"singlet",76382,0.978002560819462,0.436106499458036,0.595068420224801,0.500686088734143,0.426639132679401,"NaraCOVID_CD8_003_TCR.join.strict.table.txt"
"turquoise",206,0.00263764404609475,0.0718446002497153,0.065304715006473,0.0503505119995519,0.127640681466185,"NaraCOVID_CD8_003_TCR.join.strict.table.txt"
"yellow",21,0.000268886043533931,0.0087125941577597,0.00646695139804721,0.00406052516125419,0.0056582343830666,"NaraCOVID_CD8_003_TCR.join.strict.table.txt"
"0",541,0.0372256244409275,0.116032537391761,0.146838749327802,0.124575865336608,0.123674034129209,"NaraCOVID_CD8_004_TCR.join.strict.table.txt"
"blue",310,0.0213307644670749,0.137286801364471,0.0723054467235154,0.0798799686165823,0.0597793308972221,"NaraCOVID_CD8_004_TCR.join.strict.table.txt"
"brown",29,0.00199545861143604,0.00388349514563107,0.00318045632634248,0.0142906634332236,0.00381972777048521,"NaraCOVID_CD8_004_TCR.join.strict.table.txt"
"green",246,0.0169269937383885,0.0169771713461034,0.0508412076515326,0.0193649952619191,0.0191459419827107,"NaraCOVID_CD8_004_TCR.join.strict.table.txt"
"invblue",98,0.00674327392830111,0.0125426397271057,0.0294384266728125,0.0279546774538674,0.0339518217618051,"NaraCOVID_CD8_004_TCR.join.strict.table.txt"
"invbrown",14,0.000963324846900158,0.00459197061138809,0.00496274103095951,0.00315362590558482,0.00470666146332234,"NaraCOVID_CD8_004_TCR.join.strict.table.txt"
"invgreen",22,0.00151379618798596,0.011912883757544,0.00791272950756703,0.0116465085947769,0.0115419637894538,"NaraCOVID_CD8_004_TCR.join.strict.table.txt"
"invred",147,0.0101149108924517,0.114694305956442,0.106599062764078,0.0878684749493076,0.0607726966331997,"NaraCOVID_CD8_004_TCR.join.strict.table.txt"
"invturquoise",51,0.00350925479942201,0.055077407504592,0.0569101943612199,0.060953118472402,0.0400066224382399,"NaraCOVID_CD8_004_TCR.join.strict.table.txt"
"invyellow",110,0.00756898093992981,0.00346365783258987,0.00931090112929246,0.0194821736073608,0.0101938245763413,"NaraCOVID_CD8_004_TCR.join.strict.table.txt"
"red",187,0.0128672675978807,0.322592495408029,0.335438273027579,0.366676516440631,0.473870933409018,"NaraCOVID_CD8_004_TCR.join.strict.table.txt"
"singlet",12694,0.873460400467901,0.137627919181317,0.119612814012445,0.130852548883749,0.083182554605551,"NaraCOVID_CD8_004_TCR.join.strict.table.txt"
"turquoise",55,0.00378449046996491,0.0483600104959328,0.0438657140662211,0.0429484109597416,0.0631496789300032,"NaraCOVID_CD8_004_TCR.join.strict.table.txt"
"yellow",29,0.00199545861143604,0.0149567042770926,0.0127832833986326,0.0103524520842461,0.0122042076134388,"NaraCOVID_CD8_004_TCR.join.strict.table.txt"
"0",417,0.0084762988860883,0.0466574651944311,0.0589332243396516,0.0464025693821857,0.0659194118071073,"NaraCOVID_CD8_005_TCR.join.strict.table.txt"
"blue",211,0.004288966582649,0.0297147543606977,0.00763807285546416,0.0118518664472971,0.00446911266488863,"NaraCOVID_CD8_005_TCR.join.strict.table.txt"
"brown",171,0.00347589234897146,0.00485077612417987,0.000817452613293823,0.142714993645508,0.0171195848050169,"NaraCOVID_CD8_005_TCR.join.strict.table.txt"
"green",333,0.00676884299536548,0.0337754040646503,0.107622745618965,0.0357821936297449,0.0280040366178909,"NaraCOVID_CD8_005_TCR.join.strict.table.txt"
"invblue",24,0.000487844540206521,0.00234037445991359,0.00653962090635059,0.00469936849157168,0.00637929791681684,"NaraCOVID_CD8_005_TCR.join.strict.table.txt"
"invbrown",39,0.000792747377835596,0.0580292846855497,0.0660092985234762,0.0390924406175187,0.0642254739421899,"NaraCOVID_CD8_005_TCR.join.strict.table.txt"
"invgreen",11,0.000223595414261322,0.0014402304368699,0.000510907883308639,0.00172408697279883,0.00172997909608592,"NaraCOVID_CD8_005_TCR.join.strict.table.txt"
"invred",301,0.00611838360842345,0.0510781725076012,0.05351760077658,0.0259795276986887,0.0105240395011894,"NaraCOVID_CD8_005_TCR.join.strict.table.txt"
"invturquoise",86,0.0017481096024067,0.0121519443110898,0.0168344147550197,0.0172113139513118,0.00389245296619332,"NaraCOVID_CD8_005_TCR.join.strict.table.txt"
"invyellow",30,0.000609805675258151,0.000450072011521843,0.000970724978286415,0.0332995083889146,0.0178404094283861,"NaraCOVID_CD8_005_TCR.join.strict.table.txt"
"red",175,0.00355719977233921,0.0055908945431269,0.00490471567976294,0.0246101100460085,0.0435738484826642,"NaraCOVID_CD8_005_TCR.join.strict.table.txt"
"singlet",47157,0.958553540938288,0.651254200672107,0.564246666326061,0.539245145463681,0.531031500036041,"NaraCOVID_CD8_005_TCR.join.strict.table.txt"
"turquoise",219,0.0044515814293845,0.0862437990078413,0.0998314003985082,0.0704708235224575,0.193721617530455,"NaraCOVID_CD8_005_TCR.join.strict.table.txt"
"yellow",22,0.000447190828522644,0.0164226276204193,0.0116231543452715,0.00691605174231304,0.0115692352050746,"NaraCOVID_CD8_005_TCR.join.strict.table.txt"
"0",372,0.0123884374583722,0.238972212288858,0.213795594077284,0.238180571571041,0.201202563957116,"NaraCOVID_CD8_006_TCR.join.strict.table.txt"
"blue",178,0.00592780071932863,0.0466248764172574,0.0238743619025309,0.0232337083554087,0.0174712122071587,"NaraCOVID_CD8_006_TCR.join.strict.table.txt"
"brown",135,0.00449580391634474,0.010643892383096,0.00732042985564112,0.0756692741608751,0.0121958137160361,"NaraCOVID_CD8_006_TCR.join.strict.table.txt"
"green",129,0.00429599040895165,0.0598140474137024,0.107522473719657,0.0573129304702839,0.0656872199217199,"NaraCOVID_CD8_006_TCR.join.strict.table.txt"
"invblue",16,0.000532836019714933,0.00164075811439029,0.0039335109757645,0.00324118802007043,0.00408417947699813,"NaraCOVID_CD8_006_TCR.join.strict.table.txt"
"invbrown",25,0.000832556280804582,0.00504848650581628,0.00665671088206299,0.00250880418861221,0.0058142832832265,"NaraCOVID_CD8_006_TCR.join.strict.table.txt"
"invgreen",14,0.000466231517250566,0.00490123898272997,0.00270367876001679,0.00529809580203821,0.00513358670372681,"NaraCOVID_CD8_006_TCR.join.strict.table.txt"
"invred",301,0.0100239776208872,0.0478238919623888,0.0454159468243975,0.0191822233303207,0.00969992625787055,"NaraCOVID_CD8_006_TCR.join.strict.table.txt"
"invturquoise",97,0.00323031836952178,0.0724878520793454,0.0889090607400466,0.103593355564559,0.0597878495660559,"NaraCOVID_CD8_006_TCR.join.strict.table.txt"
"invyellow",73,0.00243106433994938,0.0035760112749532,0.00704713380769719,0.0161591921962165,0.00720403879970503,"NaraCOVID_CD8_006_TCR.join.strict.table.txt"
"red",90,0.0029972026108965,0.109972864385031,0.123354123354123,0.184529560258048,0.201514549889387,"NaraCOVID_CD8_006_TCR.join.strict.table.txt"
"singlet",28301,0.942487012122019,0.361408527735123,0.340956340956341,0.254744912269767,0.325089341426059,"NaraCOVID_CD8_006_TCR.join.strict.table.txt"
"turquoise",261,0.00869188757159984,0.02521087948842,0.020370316144964,0.0128712562720105,0.0769187134834647,"NaraCOVID_CD8_006_TCR.join.strict.table.txt"
"yellow",36,0.0011988810443586,0.0118744609688887,0.00814031799947293,0.00347492754074859,0.00819672131147541,"NaraCOVID_CD8_006_TCR.join.strict.table.txt"
"0",284,0.0145201697428294,0.220431413838719,0.184766030812758,0.215128541298524,0.177050649932766,"NaraCOVID_CD8_007_TCR.join.strict.table.txt"
"blue",87,0.00444808016769774,0.154162504612007,0.106054242832829,0.111839480134527,0.115493799492007,"NaraCOVID_CD8_007_TCR.join.strict.table.txt"
"brown",141,0.00720895751316529,0.0881545674612816,0.0722906213390509,0.141860951186608,0.0787389810249514,"NaraCOVID_CD8_007_TCR.join.strict.table.txt"
"green",133,0.0067999386471701,0.0216786803811992,0.0446939722817798,0.0221360846681487,0.0213656058568654,"NaraCOVID_CD8_007_TCR.join.strict.table.txt"
"invblue",6,0.000306764149496396,0.0391908065836955,0.0539444309365399,0.0497254365463908,0.0572239653369192,"NaraCOVID_CD8_007_TCR.join.strict.table.txt"
"invbrown",2,0.000102254716498799,0.000908902747406028,0.0012709710218607,0.000266013034638697,0.00119527864933513,"NaraCOVID_CD8_007_TCR.join.strict.table.txt"
"invgreen",7,0.000357891507745795,0.0590786785813918,0.0495568179306381,0.0574778164130042,0.0549828178694158,"NaraCOVID_CD8_007_TCR.join.strict.table.txt"
"invred",318,0.016258499923309,0.0512945114872709,0.0506951658893482,0.0260502764635467,0.00866577020767966,"NaraCOVID_CD8_007_TCR.join.strict.table.txt"
"invturquoise",172,0.00879390561889667,0.0619223743059493,0.0623880992904666,0.0836801003249159,0.0195726878828627,"NaraCOVID_CD8_007_TCR.join.strict.table.txt"
"invyellow",41,0.00209622168822537,0.00426554358683621,0.00601224552949758,0.0148587280776758,0.00761990138951143,"NaraCOVID_CD8_007_TCR.join.strict.table.txt"
"red",42,0.00214734904647477,0.0166662167148115,0.0156163656859928,0.0269813220847822,0.043777080531899,"NaraCOVID_CD8_007_TCR.join.strict.table.txt"
"singlet",18215,0.931284830512807,0.200633532212053,0.283072876373201,0.187539189420282,0.271627073061407,"NaraCOVID_CD8_007_TCR.join.strict.table.txt"
"turquoise",106,0.00541949997443632,0.0728652034232337,0.0620454897106607,0.0571357996541831,0.136112356193037,"NaraCOVID_CD8_007_TCR.join.strict.table.txt"
"yellow",5,0.000255636791246996,0.00874706406414514,0.00759267036537654,0.00532026069277395,0.00657403257134319,"NaraCOVID_CD8_007_TCR.join.strict.table.txt"
"0",299,0.00624464819030513,0.0517177393701622,0.0493236917070061,0.0495137360687158,0.0470289442571266,"NaraCOVID_CD8_008_TCR.join.strict.table.txt"
"blue",81,0.00169169399135356,0.0435708479129113,0.0292037689993825,0.028714417548094,0.0237334150720322,"NaraCOVID_CD8_008_TCR.join.strict.table.txt"
"brown",256,0.00534658841711744,0.116548262821193,0.09587840395227,0.235358841485057,0.109164951613609,"NaraCOVID_CD8_008_TCR.join.strict.table.txt"
"green",112,0.00233913243248888,0.00412646237585268,0.0139544612442479,0.00145524242209129,0.00240837237815825,"NaraCOVID_CD8_008_TCR.join.strict.table.txt"
"invblue",18,0.00037593199807857,0.0032605238044746,0.0060359768122871,0.00564350110030525,0.00597714235670184,"NaraCOVID_CD8_008_TCR.join.strict.table.txt"
"invbrown",56,0.00116956621624444,0.00526632029123812,0.00757983226757505,0.00124228011641939,0.00702806848535272,"NaraCOVID_CD8_008_TCR.join.strict.table.txt"
"invgreen",26,0.00054301288611349,0.0168327854946453,0.0098408334827387,0.018350252005395,0.0156106318693349,"NaraCOVID_CD8_008_TCR.join.strict.table.txt"
"invred",257,0.0053674735281218,0.029327042024529,0.030478694794717,0.0130971817988216,0.0114945045321189,"NaraCOVID_CD8_008_TCR.join.strict.table.txt"
"invturquoise",77,0.0016081535473361,0.0466899939914466,0.0473017390784677,0.0611556754454462,0.0281560625301047,"NaraCOVID_CD8_008_TCR.join.strict.table.txt"
"invyellow",108,0.00225559198847142,0.0375269501290072,0.0468136815474412,0.0785475970753177,0.0518894776021369,"NaraCOVID_CD8_008_TCR.join.strict.table.txt"
"red",69,0.00144107265930118,0.0136164422295267,0.0127392975955696,0.0230709164477887,0.0309147436178132,"NaraCOVID_CD8_008_TCR.join.strict.table.txt"
"singlet",46167,0.964202919738518,0.577280599441558,0.609882666985398,0.461382835238163,0.578600516705347,"NaraCOVID_CD8_008_TCR.join.strict.table.txt"
"turquoise",300,0.0062655333013095,0.0344608206976991,0.0269128867108907,0.0174274153474835,0.0743968121907431,"NaraCOVID_CD8_008_TCR.join.strict.table.txt"
"yellow",55,0.00114868110524007,0.0197752094157565,0.0140540648220084,0.00504010790090154,0.0135963567894207,"NaraCOVID_CD8_008_TCR.join.strict.table.txt"
"0",282,0.00906286155032781,0.08562124167728,0.0773836348419494,0.0639997709180459,0.102313896120446,"NaraCOVID_CD8_009_TCR.join.strict.table.txt"
"blue",75,0.0024103355187042,0.0730948427348498,0.03199639477242,0.0385144035278621,0.0362103806732327,"NaraCOVID_CD8_009_TCR.join.strict.table.txt"
"brown",127,0.00408150147833912,0.00791565235615599,0.00315457413249211,0.104260924345685,0.0156929854903603,"NaraCOVID_CD8_009_TCR.join.strict.table.txt"
"green",127,0.00408150147833912,0.0119460252462558,0.0349578317131269,0.00884829047591776,0.0130714194687688,"NaraCOVID_CD8_009_TCR.join.strict.table.txt"
"invblue",31,0.000996272014397737,0.00295023295555305,0.010043133972832,0.00755970448427925,0.00933932895191975,"NaraCOVID_CD8_009_TCR.join.strict.table.txt"
"invbrown",61,0.00196040622187942,0.0511051282464654,0.0642503058005537,0.0285493385258576,0.058894208887837,"NaraCOVID_CD8_009_TCR.join.strict.table.txt"
"invgreen",32,0.00102840982131379,0.00915700720630673,0.00267173115302903,0.010623675619953,0.00961240874583553,"NaraCOVID_CD8_009_TCR.join.strict.table.txt"
"invred",49,0.00157475253888675,0.0131067726386045,0.0131655185733599,0.00638565946967528,0.00431466074386936,"NaraCOVID_CD8_009_TCR.join.strict.table.txt"
"invturquoise",22,0.000707031752153233,0.00364345709265021,0.00447434494302453,0.0052116144550713,0.00103770321687997,"NaraCOVID_CD8_009_TCR.join.strict.table.txt"
"invyellow",62,0.00199254402879547,0.00274065356526786,0.00479624026266658,0.0166657121585247,0.00953958746745799,"NaraCOVID_CD8_009_TCR.join.strict.table.txt"
"red",67,0.00215323306337576,0.00569088652082091,0.0049249983905234,0.0164652654487143,0.0225199803382548,"NaraCOVID_CD8_009_TCR.join.strict.table.txt"
"singlet",29932,0.96194883661139,0.589853133211885,0.639799137320543,0.617318595727622,0.5421544175208,"NaraCOVID_CD8_009_TCR.join.strict.table.txt"
"turquoise",191,0.0061383211209667,0.0581340985667994,0.0434880576836413,0.0329591661416872,0.110906806968996,"NaraCOVID_CD8_009_TCR.join.strict.table.txt"
"yellow",58,0.00186399280113125,0.0850408679811056,0.0648940964398378,0.0426378787011053,0.0643922154053414,"NaraCOVID_CD8_009_TCR.join.strict.table.txt"
"0",405,0.0121065375302663,0.367829400248405,0.316703674521882,0.296059385611624,0.342609657206045,"NaraCOVID_CD8_010_TCR.join.strict.table.txt"
"blue",182,0.00544046871730488,0.178536092457318,0.120490413771697,0.134881149806523,0.116803866158824,"NaraCOVID_CD8_010_TCR.join.strict.table.txt"
"brown",95,0.00283980509969211,0.00804159737279751,0.00522885180144689,0.0342335939350865,0.0075459720686407,"NaraCOVID_CD8_010_TCR.join.strict.table.txt"
"green",97,0.00289959047021194,0.00948361156137507,0.0213451758470024,0.00785753770828398,0.0095425318425687,"NaraCOVID_CD8_010_TCR.join.strict.table.txt"
"invblue",32,0.000956565928317341,0.00306296444435088,0.00693598834849462,0.00552791597567717,0.00621493221935537,"NaraCOVID_CD8_010_TCR.join.strict.table.txt"
"invbrown",38,0.00113592203987684,0.0117466265288508,0.0137764725544971,0.00726526099660428,0.0134025474054962,"NaraCOVID_CD8_010_TCR.join.strict.table.txt"
"invgreen",38,0.00113592203987684,0.0111256131191714,0.00531241792612755,0.0104372318302667,0.0102285293033542,"NaraCOVID_CD8_010_TCR.join.strict.table.txt"
"invred",86,0.00257077093235285,0.0109361514009641,0.0106964639591242,0.00534365210982126,0.003511897448499,"NaraCOVID_CD8_010_TCR.join.strict.table.txt"
"invturquoise",32,0.000956565928317341,0.00567332589520662,0.00651815772509133,0.00719945247308431,0.00281566121964205,"NaraCOVID_CD8_010_TCR.join.strict.table.txt"
"invyellow",71,0.0021223806534541,0.0030734900953624,0.00583769070983454,0.0119113427571139,0.00573371011999836,"NaraCOVID_CD8_010_TCR.join.strict.table.txt"
"red",77,0.0023017367650136,0.00197882239016483,0.00199364897452427,0.00496196267340546,0.00744358438792644,"NaraCOVID_CD8_010_TCR.join.strict.table.txt"
"singlet",32181,0.961976504349386,0.21349177946656,0.328940142778693,0.346087025191503,0.309507720031126,"NaraCOVID_CD8_010_TCR.join.strict.table.txt"
"turquoise",63,0.00188323917137476,0.0274824747910658,0.023004560322804,0.0219668851509648,0.0354875701355613,"NaraCOVID_CD8_010_TCR.join.strict.table.txt"
"yellow",56,0.00167399037455535,0.147538050228407,0.13321634075878,0.106267603780042,0.129151820452963,"NaraCOVID_CD8_010_TCR.join.strict.table.txt"
"0",439,0.0135472920845549,0.0626460248487892,0.04440172993753,0.0568366152645736,0.0392025246706407,"NaraCOVID_CD8_011_TCR.join.strict.table.txt"
"blue",270,0.00833204752353032,0.323252614800096,0.163133109082172,0.202706309932034,0.146010118719631,"NaraCOVID_CD8_011_TCR.join.strict.table.txt"
"brown",197,0.0060793087486499,0.0165731379784702,0.00555502162421913,0.0861378616455514,0.0122827230376196,"NaraCOVID_CD8_011_TCR.join.strict.table.txt"
"green",184,0.00567813609010955,0.018560167696574,0.0530514175876982,0.0147224902979405,0.0193558082452537,"NaraCOVID_CD8_011_TCR.join.strict.table.txt"
"invblue",27,0.000833204752353032,0.000720571216455226,0.00426717924074964,0.00316215272787006,0.00410759905825778,"NaraCOVID_CD8_011_TCR.join.strict.table.txt"
"invbrown",43,0.00132695571671038,0.0120968622398847,0.0164344065353196,0.00408615839510482,0.0124931122576767,"NaraCOVID_CD8_011_TCR.join.strict.table.txt"
"invgreen",37,0.00114179910507638,0.00895255147717099,0.002537241710716,0.00907578899817252,0.00903671792816711,"NaraCOVID_CD8_011_TCR.join.strict.table.txt"
"invred",117,0.00361055392686314,0.0270105028713671,0.0270062469966362,0.0124638097780333,0.00952762610830036,"NaraCOVID_CD8_011_TCR.join.strict.table.txt"
"invturquoise",25,0.000771485881808363,0.00720571216455226,0.00809226333493513,0.0101435288803105,0.00336622752091369,"NaraCOVID_CD8_011_TCR.join.strict.table.txt"
"invyellow",102,0.00314766239777812,0.00434526279013909,0.00951465641518501,0.0326482002422948,0.0156289134899564,"NaraCOVID_CD8_011_TCR.join.strict.table.txt"
"red",76,0.00234531708069742,0.0276218966307837,0.0200672753483902,0.0416623888626517,0.0596202975504684,"NaraCOVID_CD8_011_TCR.join.strict.table.txt"
"singlet",30692,0.947137787378491,0.383977116405005,0.558519942335416,0.483994168497567,0.511325953013074,"NaraCOVID_CD8_011_TCR.join.strict.table.txt"
"turquoise",107,0.00330195957413979,0.0249579666790401,0.0191638635271504,0.0132440812303649,0.0995341381555878,"NaraCOVID_CD8_011_TCR.join.strict.table.txt"
"yellow",89,0.00274648973923777,0.0820796122016726,0.0682556463238828,0.0291164452475309,0.0585082402444522,"NaraCOVID_CD8_011_TCR.join.strict.table.txt"
"0",274,0.00752375199077379,0.0362959127428218,0.0311445739520741,0.0251068665115524,0.0253327378293881,"NaraCOVID_CD8_012_TCR.join.strict.table.txt"
"blue",85,0.00233401065407216,0.0457832935241945,0.0171577499457033,0.0127698717601861,0.0143456900401965,"NaraCOVID_CD8_012_TCR.join.strict.table.txt"
"brown",152,0.00417376022845845,0.0284788454792965,0.0201983638601318,0.105026784264921,0.0231353282715498,"NaraCOVID_CD8_012_TCR.join.strict.table.txt"
"green",73,0.00200450326761492,0.0106900065142227,0.0234561644827337,0.00703425139332287,0.00873604287628406,"NaraCOVID_CD8_012_TCR.join.strict.table.txt"
"invblue",10,0.000274589488714372,0.0021045950324876,0.00443060884673858,0.00443698934040366,0.00484144707458687,"NaraCOVID_CD8_012_TCR.join.strict.table.txt"
"invbrown",54,0.00148278323905761,0.0308506906746396,0.0375588214001303,0.0170445322222823,0.034497543546226,"NaraCOVID_CD8_012_TCR.join.strict.table.txt"
"invgreen",13,0.000356966335328684,0.00541181579782525,0.00237457467602983,0.00557329148855581,0.00539526574363555,"NaraCOVID_CD8_012_TCR.join.strict.table.txt"
"invred",157,0.00431105497281564,0.0387846798844143,0.0405559979729241,0.0179643958660246,0.0125055828494864,"NaraCOVID_CD8_012_TCR.join.strict.table.txt"
"invturquoise",22,0.000604096875171618,0.00788387980423925,0.00832549047998262,0.0117958984903414,0.0041268423403305,"NaraCOVID_CD8_012_TCR.join.strict.table.txt"
"invyellow",46,0.00126311164808611,0.00765003591174063,0.0121914138854702,0.0246739895027325,0.0122733363108531,"NaraCOVID_CD8_012_TCR.join.strict.table.txt"
"red",20,0.000549178977428744,0.0931032754848085,0.0842250054296677,0.104215139873383,0.111924966502903,"NaraCOVID_CD8_012_TCR.join.strict.table.txt"
"singlet",35333,0.970207040474491,0.566002438657736,0.607876637949757,0.575239435095503,0.602858418937025,"NaraCOVID_CD8_012_TCR.join.strict.table.txt"
"turquoise",99,0.00271843593827228,0.0973124655497837,0.0926663288206762,0.0857637573724365,0.126288521661456,"NaraCOVID_CD8_012_TCR.join.strict.table.txt"
"yellow",80,0.00219671590971498,0.0296480649417896,0.0178382682979802,0.00335479681835399,0.0137382760160786,"NaraCOVID_CD8_012_TCR.join.strict.table.txt"
"0",478,0.00991474974590861,0.0509150956378148,0.039896317354898,0.0369869027584693,0.0445097242075722,"NaraCOVID_CD8_013_TCR.join.strict.table.txt"
"blue",182,0.00377507207898612,0.0636820940935431,0.0224327197582331,0.0236701543864784,0.0162747695172649,"NaraCOVID_CD8_013_TCR.join.strict.table.txt"
"brown",213,0.00441807886167057,0.0324908643334404,0.0202109487917627,0.121387283236994,0.0269628735918587,"NaraCOVID_CD8_013_TCR.join.strict.table.txt"
"green",150,0.00311132314202153,0.00840940018041986,0.0238900103921545,0.00406087656398624,0.0070423458749164,"NaraCOVID_CD8_013_TCR.join.strict.table.txt"
"invblue",16,0.000331874468482297,0.00206412549883033,0.00467049703166621,0.00373161630204141,0.00458998334491758,"NaraCOVID_CD8_013_TCR.join.strict.table.txt"
"invbrown",95,0.00197050465661364,0.0126752595446692,0.0171052474407826,0.00332918709299773,0.0144912331318112,"NaraCOVID_CD8_013_TCR.join.strict.table.txt"
"invgreen",30,0.000622264628404306,0.00596302921884317,0.00229344099764683,0.00665837418599546,0.00646531939726962,"NaraCOVID_CD8_013_TCR.join.strict.table.txt"
"invred",210,0.00435585239883014,0.0220479182912099,0.0222415996750959,0.00709738786858857,0.00456375486866091,"NaraCOVID_CD8_013_TCR.join.strict.table.txt"
"invturquoise",51,0.00105784986828732,0.00683454887390487,0.00868401877754817,0.0111948489061242,0.0023736771012288,"NaraCOVID_CD8_013_TCR.join.strict.table.txt"
"invyellow",115,0.00238534774221651,0.00567252266715594,0.0104757695569598,0.0227555425477427,0.0116585576960906,"NaraCOVID_CD8_013_TCR.join.strict.table.txt"
"red",92,0.00190827819377321,0.0088986743727352,0.00881541383470502,0.0185849125631082,0.0272776153069387,"NaraCOVID_CD8_013_TCR.join.strict.table.txt"
"singlet",46148,0.957208935720064,0.616424323043285,0.699487559277088,0.662215555718153,0.646453254298192,"NaraCOVID_CD8_013_TCR.join.strict.table.txt"
"turquoise",282,0.00584928750700048,0.105086922618229,0.0832089061958742,0.0670593400160972,0.155639778107091,"NaraCOVID_CD8_013_TCR.join.strict.table.txt"
"yellow",149,0.00309058098774139,0.0588352216259193,0.0365875509155846,0.0112680178532231,0.031697113556188,"NaraCOVID_CD8_013_TCR.join.strict.table.txt"
"0",616,0.00674248311642824,0.0366476022877255,0.0330876146530865,0.0302548494071685,0.0407953924412494,"NaraCOVID_CD8_014_TCR.join.strict.table.txt"
"blue",226,0.00247370322128698,0.100293298137557,0.041634623200095,0.0604945562470661,0.0496573758775802,"NaraCOVID_CD8_014_TCR.join.strict.table.txt"
"brown",250,0.00273639736868029,0.0276873441853644,0.0122734292448996,0.158603249594936,0.0266700298482364,"NaraCOVID_CD8_014_TCR.join.strict.table.txt"
"green",113,0.00123685161064349,0.0020237571491421,0.0128924152333077,0.00201396144702373,0.00352293269432884,"NaraCOVID_CD8_014_TCR.join.strict.table.txt"
"invblue",42,0.000459714757938289,0.00099721366769321,0.003895235058366,0.00328593709777556,0.0043048724092992,"NaraCOVID_CD8_014_TCR.join.strict.table.txt"
"invbrown",37,0.000404986810564683,0.00742044288018771,0.00825939889582904,0.00298308575235845,0.00866860049606928,"NaraCOVID_CD8_014_TCR.join.strict.table.txt"
"invgreen",50,0.000547279473736058,0.0208241677665347,0.00910972308192498,0.0237132603461591,0.02046495985202,"NaraCOVID_CD8_014_TCR.join.strict.table.txt"
"invred",92,0.00100699423167435,0.00643789411937234,0.00605230744221234,0.002089674283378,0.0012107453651154,"NaraCOVID_CD8_014_TCR.join.strict.table.txt"
"invturquoise",37,0.000404986810564683,0.00284499193430122,0.00320747284902369,0.00404306546131831,0.00111825787194686,"NaraCOVID_CD8_014_TCR.join.strict.table.txt"
"invyellow",271,0.00296625474764943,0.00302097081683531,0.00872207529120477,0.0266812035312467,0.012780089965107,"NaraCOVID_CD8_014_TCR.join.strict.table.txt"
"red",159,0.00174034872648066,0.0147235665053527,0.0150744971520392,0.0286648798437287,0.039155841425989,"NaraCOVID_CD8_014_TCR.join.strict.table.txt"
"singlet",89216,0.976521710576723,0.725766241384367,0.811209273535535,0.634942988234225,0.73466179005339,"NaraCOVID_CD8_014_TCR.join.strict.table.txt"
"turquoise",168,0.00183885903175315,0.030869628977856,0.0213831523268246,0.0167931071033783,0.0445285239836886,"NaraCOVID_CD8_014_TCR.join.strict.table.txt"
"yellow",84,0.000919429515876577,0.0204428801877108,0.0131987820356511,0.00543618165023698,0.0124605877159793,"NaraCOVID_CD8_014_TCR.join.strict.table.txt"
"0",887,0.0185243196959255,0.237793959106109,0.186036967935456,0.152559162748213,0.136618164553427,"NaraCOVID_CD8_015_TCR.join.strict.table.txt"
"blue",289,0.00603554497420797,0.0367551665539861,0.0147651744955937,0.0211821614424196,0.014166620119533,"NaraCOVID_CD8_015_TCR.join.strict.table.txt"
"brown",381,0.00795689493139528,0.0272808668481737,0.0184755063101025,0.195341596927847,0.0266924537786963,"NaraCOVID_CD8_015_TCR.join.strict.table.txt"
"green",293,0.00611908192886828,0.0255358415407386,0.0450358975660731,0.0212078913682531,0.02458386862537,"NaraCOVID_CD8_015_TCR.join.strict.table.txt"
"invblue",60,0.00125305431990477,0.00996765764613445,0.0162374612361286,0.0140999993567519,0.015981958331006,"NaraCOVID_CD8_015_TCR.join.strict.table.txt"
"invbrown",115,0.00240168744648414,0.286732325908601,0.344963552441754,0.213108110715871,0.281014355136011,"NaraCOVID_CD8_015_TCR.join.strict.table.txt"
"invgreen",110,0.00229726625315874,0.0121283826995816,0.00511492721065123,0.0136947530248744,0.012456012958722,"NaraCOVID_CD8_015_TCR.join.strict.table.txt"
"invred",259,0.00540901781425558,0.0132704149688454,0.0137709578748302,0.00600793768211963,0.00403563648550522,"NaraCOVID_CD8_015_TCR.join.strict.table.txt"
"invturquoise",123,0.00256876135580477,0.0398614943263837,0.0438470683301815,0.0521802895903153,0.0261897447355192,"NaraCOVID_CD8_015_TCR.join.strict.table.txt"
"invyellow",210,0.00438569011966669,0.00578325141155189,0.00975601501055562,0.019857070261995,0.0110665810199408,"NaraCOVID_CD8_015_TCR.join.strict.table.txt"
"red",298,0.00622350312219368,0.0266641694227712,0.0232181311265955,0.0381446150481471,0.0535594593084958,"NaraCOVID_CD8_015_TCR.join.strict.table.txt"
"singlet",44269,0.924524361464403,0.220165548997752,0.234685891008474,0.220692006355292,0.298183265374518,"NaraCOVID_CD8_015_TCR.join.strict.table.txt"
"turquoise",483,0.0100870872752334,0.0389250278655874,0.030291876615602,0.0244498620232727,0.082507121711445,"NaraCOVID_CD8_015_TCR.join.strict.table.txt"
"yellow",106,0.00221372929849842,0.0191358927037842,0.0138005728380019,0.00747454345462849,0.0129447578618109,"NaraCOVID_CD8_015_TCR.join.strict.table.txt"
"0",885,0.00789382141232507,0.0660541491545304,0.0486702491923204,0.0571128080845032,0.0518491503199868,"NaraCOVID_CD8_016_TCR.join.strict.table.txt"
"blue",611,0.00544985862478036,0.134688691232529,0.0575506964977723,0.0741689149023732,0.0499735153393944,"NaraCOVID_CD8_016_TCR.join.strict.table.txt"
"brown",360,0.00321104599823392,0.261525429250969,0.208196034514707,0.402064566281037,0.24048071829873,"NaraCOVID_CD8_016_TCR.join.strict.table.txt"
"green",114,0.00101683123277408,0.00355129834164142,0.00876563998034176,0.00246924870821711,0.0027353010133639,"NaraCOVID_CD8_016_TCR.join.strict.table.txt"
"invblue",53,0.000472737327517772,0.00126413188674942,0.00342004979012415,0.0028636425991129,0.00354286607445229,"NaraCOVID_CD8_016_TCR.join.strict.table.txt"
"invbrown",42,0.000374622033127291,0.00240445704232235,0.00318036432191168,0.000925968265581417,0.0026484660605587,"NaraCOVID_CD8_016_TCR.join.strict.table.txt"
"invgreen",68,0.000606530910777519,0.0137034502981136,0.00806068272089332,0.015198454433216,0.0140064778874793,"NaraCOVID_CD8_016_TCR.join.strict.table.txt"
"invred",264,0.00235476706537154,0.0123741569739028,0.0122501430056155,0.0047898852256619,0.00212745634372748,"NaraCOVID_CD8_016_TCR.join.strict.table.txt"
"invturquoise",121,0.00107926823829529,0.00783892092659564,0.00939808735024694,0.0114717179569253,0.00376863695174582,"NaraCOVID_CD8_016_TCR.join.strict.table.txt"
"invyellow",180,0.00160552299911696,0.00248265076727593,0.0049689415973123,0.0118203850198912,0.00574847387570445,"NaraCOVID_CD8_016_TCR.join.strict.table.txt"
"red",231,0.0020604211822001,0.0228065031114586,0.0207176867733905,0.0332719831725273,0.0404911384930662,"NaraCOVID_CD8_016_TCR.join.strict.table.txt"
"singlet",108730,0.969825087188818,0.436516469553318,0.591289950934975,0.369369884311125,0.539149538472226,"NaraCOVID_CD8_016_TCR.join.strict.table.txt"
"turquoise",351,0.00313076984827808,0.0139054507542436,0.00974452348917589,0.00724198637340528,0.0312518995145926,"NaraCOVID_CD8_016_TCR.join.strict.table.txt"
"yellow",103,0.000918715938383595,0.02088424070635,0.0137869498312131,0.00723055466642279,0.0122263613549726,"NaraCOVID_CD8_016_TCR.join.strict.table.txt"
"0",659,0.00972449717414081,0.178855096917569,0.133003452530817,0.135785028105761,0.15997089103401,"NaraCOVID_CD8_017_TCR.join.strict.table.txt"
"blue",146,0.00215444095208582,0.150488262303563,0.0997868654260822,0.101448413288523,0.105412983454977,"NaraCOVID_CD8_017_TCR.join.strict.table.txt"
"brown",299,0.00441217701831275,0.0171259252291394,0.0114606573518964,0.0819677006810814,0.0215534770231802,"NaraCOVID_CD8_017_TCR.join.strict.table.txt"
"green",205,0.00302507119984653,0.0162381755862969,0.0298700003739203,0.01342830800345,0.0140621990111513,"NaraCOVID_CD8_017_TCR.join.strict.table.txt"
"invblue",63,0.00092965602726991,0.00566748778609349,0.0120900898655133,0.0101269964012729,0.0123070995911903,"NaraCOVID_CD8_017_TCR.join.strict.table.txt"
"invbrown",60,0.00088538669263801,0.00915381585368005,0.0111864491281425,0.00520477054397288,0.010273752702211,"NaraCOVID_CD8_017_TCR.join.strict.table.txt"
"invgreen",58,0.000855873802883409,0.0120169554302646,0.00642519724296095,0.0126401570353627,0.0121144667280238,"NaraCOVID_CD8_017_TCR.join.strict.table.txt"
"invred",374,0.00551891038411026,0.0249216605033717,0.0254764367887724,0.0107813104125152,0.00631407718156718,"NaraCOVID_CD8_017_TCR.join.strict.table.txt"
"invturquoise",144,0.00212492806233122,0.00995925758261657,0.0132056187757849,0.0164916872379026,0.00342458423407033,"NaraCOVID_CD8_017_TCR.join.strict.table.txt"
"invyellow",202,0.00298080186521463,0.00280434820950892,0.00628186112599868,0.0495791571245873,0.0242503371075105,"NaraCOVID_CD8_017_TCR.join.strict.table.txt"
"red",277,0.00408753523101214,0.0113820086658475,0.0109496329349005,0.0317491003182345,0.0444553840885255,"NaraCOVID_CD8_017_TCR.join.strict.table.txt"
"singlet",64754,0.955538831584695,0.480219644547395,0.576884246737545,0.484118014454391,0.474026668949723,"NaraCOVID_CD8_017_TCR.join.strict.table.txt"
"turquoise",461,0.00680272108843537,0.0495434850346575,0.0406576011766026,0.0320762573238557,0.0892318229489951,"NaraCOVID_CD8_017_TCR.join.strict.table.txt"
"yellow",65,0.00095916891702451,0.0316238763499968,0.0227218905410627,0.0146030990690896,0.0226022559448642,"NaraCOVID_CD8_017_TCR.join.strict.table.txt"
"0",695,0.0479574937896771,0.48945439977298,0.397366516973528,0.385458690588294,0.465855563112421,"NaraCOVID_CD8_018_TCR.join.strict.table.txt"
"blue",175,0.0120756279326525,0.0489012043768205,0.0251089809903666,0.0295683203647718,0.0261467543263054,"NaraCOVID_CD8_018_TCR.join.strict.table.txt"
"brown",202,0.0139387248136903,0.0452204685635115,0.0385813635031782,0.101362937998711,0.0416971040412437,"NaraCOVID_CD8_018_TCR.join.strict.table.txt"
"green",180,0.0124206458735854,0.0163254404780783,0.03821659859715,0.0170094662239183,0.0175067382049926,"NaraCOVID_CD8_018_TCR.join.strict.table.txt"
"invblue",114,0.00786640905327077,0.0233530585161877,0.0429525626229587,0.0382118253456906,0.0463319814940763,"NaraCOVID_CD8_018_TCR.join.strict.table.txt"
"invbrown",59,0.00407121170300856,0.0105581197365895,0.0129043060198169,0.00510482232244635,0.0114696423923357,"NaraCOVID_CD8_018_TCR.join.strict.table.txt"
"invgreen",45,0.00310516146839636,0.00997387595669919,0.00536981779693956,0.0103186796847896,0.0095888225564036,"NaraCOVID_CD8_018_TCR.join.strict.table.txt"
"invred",165,0.0113855920507866,0.01372138248771,0.0137115726151252,0.00674034792090003,0.00471044610695483,"NaraCOVID_CD8_018_TCR.join.strict.table.txt"
"invturquoise",94,0.00648633728953906,0.0308731105973475,0.0371462228892968,0.0434950686425138,0.0212767743939814,"NaraCOVID_CD8_018_TCR.join.strict.table.txt"
"invyellow",259,0.0178719293403257,0.0323671054059242,0.0529686481573392,0.0890122416612975,0.052234733032738,"NaraCOVID_CD8_018_TCR.join.strict.table.txt"
"red",175,0.0120756279326525,0.0376252994249372,0.0386411610287566,0.0488377855974625,0.0596236681024711,"NaraCOVID_CD8_018_TCR.join.strict.table.txt"
"singlet",12099,0.8348744134695,0.0675218882758966,0.151215982682637,0.102909253109977,0.0654172649185118,"NaraCOVID_CD8_018_TCR.join.strict.table.txt"
"turquoise",153,0.0105575489925476,0.0541844374149717,0.0487589023566205,0.0408881399613421,0.0751488282660353,"NaraCOVID_CD8_018_TCR.join.strict.table.txt"
"yellow",77,0.0053132762903671,0.119920208992346,0.0970573637662873,0.0810824205778857,0.102991679051529,"NaraCOVID_CD8_018_TCR.join.strict.table.txt"
"0",814,0.0198246468582562,0.119382933305911,0.11230871972368,0.111708677841723,0.106503640859288,"NaraCOVID_CD8_019_TCR.join.strict.table.txt"
"blue",217,0.00528494885533366,0.0464276177317939,0.0277444665455494,0.0260611696112186,0.0254565251911168,"NaraCOVID_CD8_019_TCR.join.strict.table.txt"
"brown",497,0.0121042377009255,0.00619322394293078,0.00340612336246371,0.166708552185168,0.0183880407413289,"NaraCOVID_CD8_019_TCR.join.strict.table.txt"
"green",599,0.0145884072089625,0.034561971216602,0.0746283304250832,0.0243522404563846,0.0289544722455368,"NaraCOVID_CD8_019_TCR.join.strict.table.txt"
"invblue",49,0.00119337554797857,0.00120746305046963,0.00278856902127211,0.00233721193234651,0.00284463398589025,"NaraCOVID_CD8_019_TCR.join.strict.table.txt"
"invbrown",186,0.00452995616171456,0.194001827780607,0.217532319874,0.141790857229022,0.198834017648527,"NaraCOVID_CD8_019_TCR.join.strict.table.txt"
"invgreen",60,0.00146127618119825,0.00232038572473491,0.000593618126416725,0.00257595938780126,0.00232742780663748,"NaraCOVID_CD8_019_TCR.join.strict.table.txt"
"invred",433,0.0105455431076473,0.0210692350688403,0.0212984439066775,0.00905355482395517,0.00623823242519792,"NaraCOVID_CD8_019_TCR.join.strict.table.txt"
"invturquoise",151,0.00367754505601559,0.00686827540109169,0.00909336799297233,0.0106493930788369,0.00323027017217521,"NaraCOVID_CD8_019_TCR.join.strict.table.txt"
"invyellow",170,0.00414028251339503,0.00226896902890448,0.00394947543785321,0.0113907667563017,0.00584805934260372,"NaraCOVID_CD8_019_TCR.join.strict.table.txt"
"red",187,0.00455431076473454,0.120663374892398,0.109436373950696,0.13092784800583,0.148188644148538,"NaraCOVID_CD8_019_TCR.join.strict.table.txt"
"singlet",36925,0.899293716512421,0.13306309160299,0.153191774559155,0.163774471614184,0.177320055350135,"NaraCOVID_CD8_019_TCR.join.strict.table.txt"
"turquoise",609,0.0148319532391622,0.023595287576897,0.0181173209630975,0.0121761202281923,0.0452328562030715,"NaraCOVID_CD8_019_TCR.join.strict.table.txt"
"yellow",163,0.00396980029225524,0.288376343675829,0.245911096111083,0.186493176849036,0.230633123879954,"NaraCOVID_CD8_019_TCR.join.strict.table.txt"
"0",699,0.00772187976403526,0.172332190941651,0.141005622555969,0.149144647016304,0.112839054203289,"NaraCOVID_CD8_020_TCR.join.strict.table.txt"
"blue",124,0.0013698327478403,0.0148533296633581,0.00634506468336312,0.00714802023933821,0.00688824006979008,"NaraCOVID_CD8_020_TCR.join.strict.table.txt"
"brown",621,0.00686021077749055,0.0685099341082799,0.0592765325060437,0.184161914705646,0.0557866763485268,"NaraCOVID_CD8_020_TCR.join.strict.table.txt"
"green",321,0.00354609929078014,0.00932822669705585,0.0231750662585006,0.00568227451610312,0.00863803458239414,"NaraCOVID_CD8_020_TCR.join.strict.table.txt"
"invblue",23,0.000254081880647798,0.00243695307019163,0.00435902177113937,0.00407597783310578,0.0043366665153876,"NaraCOVID_CD8_020_TCR.join.strict.table.txt"
"invbrown",210,0.00231987804069729,0.0132085541752122,0.0179634157198721,0.00451770942093005,0.0158641312295458,"NaraCOVID_CD8_020_TCR.join.strict.table.txt"
"invgreen",43,0.000475022646428493,0.00721687203982371,0.00366048253994343,0.00791101116376195,0.00698909277945025,"NaraCOVID_CD8_020_TCR.join.strict.table.txt"
"invred",262,0.00289432403172709,0.0162195003239201,0.016521822502551,0.00995903943458357,0.00791693770832388,"NaraCOVID_CD8_020_TCR.join.strict.table.txt"
"invturquoise",124,0.0013698327478403,0.169317888108273,0.157804806223848,0.230563810135732,0.100030760076446,"NaraCOVID_CD8_020_TCR.join.strict.table.txt"
"invyellow",228,0.00251872472989991,0.0149708136267971,0.0235037906025928,0.048470002409445,0.025667014608515,"NaraCOVID_CD8_020_TCR.join.strict.table.txt"
"red",108,0.00119308013521575,0.0373766837969474,0.0386319588546696,0.0565617219500442,0.0824975165020246,"NaraCOVID_CD8_020_TCR.join.strict.table.txt"
"singlet",86934,0.960363226618943,0.420522098733523,0.466617358015053,0.272367681310738,0.452183209032369,"NaraCOVID_CD8_020_TCR.join.strict.table.txt"
"turquoise",663,0.00732418638563001,0.027595304669484,0.021380779213664,0.0108425026102321,0.100373659289291,"NaraCOVID_CD8_020_TCR.join.strict.table.txt"
"yellow",162,0.00178962020282362,0.0261116500454831,0.0197542785527911,0.00859368725403582,0.019989007054647,"NaraCOVID_CD8_020_TCR.join.strict.table.txt"
"0",574,0.016748854716816,0.0576205633706404,0.0407085051152848,0.0361158378524515,0.0550898203592814,"NaraCOVID_CD8_021_TCR.join.strict.table.txt"
"blue",248,0.00723643897172537,0.0485676147448403,0.0111543747136967,0.0137561425549848,0.0130570716973133,"NaraCOVID_CD8_021_TCR.join.strict.table.txt"
"brown",181,0.00528143328178343,0.0308553239552315,0.01978928080623,0.424579761772236,0.0766679031317895,"NaraCOVID_CD8_021_TCR.join.strict.table.txt"
"green",129,0.00376411543287327,0.00730738953349078,0.0247671400213773,0.00380083013946979,0.00869058343490011,"NaraCOVID_CD8_021_TCR.join.strict.table.txt"
"invblue",49,0.0014297802807038,0.00167710579457165,0.007253015727592,0.00605906394618406,0.00671930475332521,"NaraCOVID_CD8_021_TCR.join.strict.table.txt"
"invbrown",88,0.00256776866738642,0.0513057466543451,0.062520995571843,0.0201173645457292,0.0550792220867998,"NaraCOVID_CD8_021_TCR.join.strict.table.txt"
"invgreen",76,0.002217618394561,0.0401649724475477,0.0206825469537334,0.0433994370318538,0.0409517248688464,"NaraCOVID_CD8_021_TCR.join.strict.table.txt"
"invred",85,0.00248023109918006,0.0127665400280659,0.0122385096961368,0.00295796822569616,0.00140957024005087,"NaraCOVID_CD8_021_TCR.join.strict.table.txt"
"invturquoise",24,0.000700300545650842,0.00164287914570284,0.00193922736295618,0.00243316741145974,0.000593503258968788,"NaraCOVID_CD8_021_TCR.join.strict.table.txt"
"invyellow",137,0.00399754894809022,0.00171133244344046,0.00515345854328905,0.0171752993750099,0.00856340416512109,"NaraCOVID_CD8_021_TCR.join.strict.table.txt"
"red",149,0.00434769922091564,0.0106102611493309,0.00909299129638113,0.0227095625069576,0.0331513963223994,"NaraCOVID_CD8_021_TCR.join.strict.table.txt"
"singlet",32110,0.936943771702022,0.40212889755964,0.526378072988242,0.312733576119973,0.333644215992793,"NaraCOVID_CD8_021_TCR.join.strict.table.txt"
"turquoise",247,0.00720725978232325,0.0697710237190677,0.0496488013437166,0.0270829026255944,0.15274230300461,"NaraCOVID_CD8_021_TCR.join.strict.table.txt"
"yellow",174,0.0050771789559686,0.263870349454085,0.208673079859521,0.0670790858923999,0.213639976683801,"NaraCOVID_CD8_021_TCR.join.strict.table.txt"
"0",810,0.0137556253714868,0.46680001568812,0.360955131946113,0.332391149551052,0.449431931852881,"NaraCOVID_CD8_022_TCR.join.strict.table.txt"
"blue",285,0.00483994226033795,0.0372514413460407,0.0167869000387428,0.0205239757550496,0.0189110360004633,"NaraCOVID_CD8_022_TCR.join.strict.table.txt"
"brown",235,0.00399082958308568,0.00329450523591011,0.0019714676644974,0.198301464075444,0.0189110360004633,"NaraCOVID_CD8_022_TCR.join.strict.table.txt"
"green",432,0.00733633353145963,0.0185668902223791,0.0524891005301384,0.0191693152017228,0.0191795390171737,"NaraCOVID_CD8_022_TCR.join.strict.table.txt"
"invblue",146,0.00247940901757663,0.0062752480684002,0.0173067397711724,0.0134163497108321,0.0162523296585273,"NaraCOVID_CD8_022_TCR.join.strict.table.txt"
"invbrown",60,0.00101893521270273,0.0363023100756952,0.0382915908567057,0.0264549575366019,0.0385170209853534,"NaraCOVID_CD8_022_TCR.join.strict.table.txt"
"invgreen",67,0.00113781098751804,0.00706749813703573,0.00348684952601406,0.00736813768908804,0.00749702540775605,"NaraCOVID_CD8_022_TCR.join.strict.table.txt"
"invred",200,0.00339645070900909,0.0132956818449229,0.0140552893692775,0.0069209260320603,0.00451190363374083,"NaraCOVID_CD8_022_TCR.join.strict.table.txt"
"invturquoise",62,0.00105289971979282,0.00356120327881712,0.00412438882050326,0.00476302124038278,0.00165313622053048,"NaraCOVID_CD8_022_TCR.join.strict.table.txt"
"invyellow",185,0.0031417169058334,0.00458093108993215,0.00806732414949806,0.0175063825352993,0.0105505891272073,"NaraCOVID_CD8_022_TCR.join.strict.table.txt"
"red",331,0.00562112592341004,0.00453386672941915,0.00385956480586928,0.0114364612098161,0.0178370239336218,"NaraCOVID_CD8_022_TCR.join.strict.table.txt"
"singlet",55852,0.948492824997877,0.275138251559007,0.37581960580455,0.256738567880651,0.277963799475629,"NaraCOVID_CD8_022_TCR.join.strict.table.txt"
"turquoise",129,0.00219071070731086,0.0342942306938071,0.0285078147605059,0.0259599854113479,0.0435027534721125,"NaraCOVID_CD8_022_TCR.join.strict.table.txt"
"yellow",91,0.00154538507259913,0.0890379260305134,0.0742782319564119,0.0590493061706525,0.0752808752145392,"NaraCOVID_CD8_022_TCR.join.strict.table.txt"
"0",387,0.00690122510120014,0.0287997000331694,0.0320516308783997,0.0260764018566932,0.0317109144542773,"NaraCOVID_CD8_023_TCR.join.strict.table.txt"
"blue",142,0.00253223246607343,0.0270979651288559,0.00842375629877126,0.00979032172010884,0.00611318118304611,"NaraCOVID_CD8_023_TCR.join.strict.table.txt"
"brown",156,0.00278188918808067,0.00387216798142513,0.00101215676458104,0.0683321773462092,0.00974227604409253,"NaraCOVID_CD8_023_TCR.join.strict.table.txt"
"green",179,0.00319203951709257,0.00780202189181004,0.0310068238956064,0.00505522061569653,0.00465766185374942,"NaraCOVID_CD8_023_TCR.join.strict.table.txt"
"invblue",22,0.000392317706011377,0.00215601159487172,0.00444042967687167,0.00358800618897722,0.00432774413910883,"NaraCOVID_CD8_023_TCR.join.strict.table.txt"
"invbrown",54,0.000962961642027926,0.0194834225061652,0.0226048344089766,0.00956357039961586,0.0203384567613725,"NaraCOVID_CD8_023_TCR.join.strict.table.txt"
"invgreen",22,0.000392317706011377,0.00479514284478159,0.00297116985731855,0.00476177773035267,0.00510402111473374,"NaraCOVID_CD8_023_TCR.join.strict.table.txt"
"invred",195,0.00347736148510084,0.022403772659754,0.0231925383367979,0.00964360027743691,0.00487113802204627,"NaraCOVID_CD8_023_TCR.join.strict.table.txt"
"invturquoise",56,0.00099862688802896,0.00660503886589464,0.00769456809203008,0.00915008269754041,0.00298866635615588,"NaraCOVID_CD8_023_TCR.join.strict.table.txt"
"invyellow",88,0.00156927082404551,0.00427596948414358,0.00571378818715105,0.0605692791975671,0.0338650830616364,"NaraCOVID_CD8_023_TCR.join.strict.table.txt"
"red",212,0.00378051607610963,0.0171471423832942,0.0143987462316206,0.0487915488449021,0.0842454587796926,"NaraCOVID_CD8_023_TCR.join.strict.table.txt"
"singlet",54220,0.96688481908804,0.660662522894103,0.691433671081702,0.633209731633143,0.547158826269213,"NaraCOVID_CD8_023_TCR.join.strict.table.txt"
"turquoise",258,0.00460081673413342,0.115025742345798,0.0975262018001154,0.0828309235447901,0.2026082906381,"NaraCOVID_CD8_023_TCR.join.strict.table.txt"
"yellow",86,0.00153360557804447,0.0798733793859333,0.057529684490058,0.0286373579469669,0.042268281322776,"NaraCOVID_CD8_023_TCR.join.strict.table.txt"
"0",588,0.0159474926093678,0.0690802972960649,0.0784884919271728,0.0581536829625932,0.0986259436963662,"NaraCOVID_CD8_024_TCR.join.strict.table.txt"
"blue",226,0.00612947845189987,0.0670740048333409,0.0187289591205771,0.0262221944903753,0.0244372216203202,"NaraCOVID_CD8_024_TCR.join.strict.table.txt"
"brown",137,0.00371565729163842,0.0122885413341845,0.00872552387495706,0.342557638910554,0.0491839928459647,"NaraCOVID_CD8_024_TCR.join.strict.table.txt"
"green",97,0.00263079384882428,0.002690255802289,0.0169151494331845,0.00280784949926684,0.00454006087808905,"NaraCOVID_CD8_024_TCR.join.strict.table.txt"
"invblue",90,0.00244094274633181,0.0035794081437235,0.0150738577808313,0.0119645586996537,0.0163717346815938,"NaraCOVID_CD8_024_TCR.join.strict.table.txt"
"invbrown",39,0.00105774185674378,0.0381423555697415,0.0469254551700447,0.0250990546906686,0.0439044523551566,"NaraCOVID_CD8_024_TCR.join.strict.table.txt"
"invgreen",61,0.00165441675029156,0.0248278692262095,0.0123531432497424,0.0248338689046267,0.0256238284407298,"NaraCOVID_CD8_024_TCR.join.strict.table.txt"
"invred",67,0.00181714626671368,0.00868633441247549,0.00937135005152868,0.002371072910492,0.0008426628144938,"NaraCOVID_CD8_024_TCR.join.strict.table.txt"
"invturquoise",18,0.000488188549266361,0.0020290912407095,0.00276193747852971,0.00322902692415687,0.000877057215085384,"NaraCOVID_CD8_024_TCR.join.strict.table.txt"
"invyellow",185,0.00501749342301538,0.002963841138115,0.0093163861216077,0.0399338595451284,0.0222703743830504,"NaraCOVID_CD8_024_TCR.join.strict.table.txt"
"red",273,0.00740419299720648,0.0545574757193014,0.0535211267605634,0.0890088291267588,0.135015219522262,"NaraCOVID_CD8_024_TCR.join.strict.table.txt"
"singlet",34824,0.944482113313987,0.647827276457982,0.672731020267949,0.337519108975759,0.460093896713615,"NaraCOVID_CD8_024_TCR.join.strict.table.txt"
"turquoise",202,0.00547856038621139,0.0495645433404769,0.0446719340432841,0.0329142357969613,0.109081841476208,"NaraCOVID_CD8_024_TCR.join.strict.table.txt"
"yellow",64,0.00173578150850262,0.016688705485386,0.0104156647200275,0.00338501856300502,0.00913171335706547,"NaraCOVID_CD8_024_TCR.join.strict.table.txt"
"0",1599,0.0154455445544554,0.0883482472237462,0.0768757205374592,0.079650160545027,0.0896974789195492,"NaraCOVID_CD8_025_TCR.join.strict.table.txt"
"blue",879,0.00849070272880947,0.38460810836376,0.168366917275766,0.209176676635329,0.190047712337047,"NaraCOVID_CD8_025_TCR.join.strict.table.txt"
"brown",426,0.00411494808017387,0.00656463421555459,0.00549423424836146,0.227621455204358,0.0303335576770565,"NaraCOVID_CD8_025_TCR.join.strict.table.txt"
"green",357,0.00344844240521613,0.00234586352371403,0.040466254889491,0.00784825603489583,0.00724473042315227,"NaraCOVID_CD8_025_TCR.join.strict.table.txt"
"invblue",267,0.00257908717701038,0.00136211430409202,0.0137733367018913,0.0109324829679075,0.0135034916171181,"NaraCOVID_CD8_025_TCR.join.strict.table.txt"
"invbrown",23,0.000222168558319247,0.00172156113433852,0.00211115660600358,0.00067742841564364,0.00179617872621349,"NaraCOVID_CD8_025_TCR.join.strict.table.txt"
"invgreen",60,0.000579570152137165,0.0180858510376662,0.0108635995365329,0.0182960747704729,0.0180218027804332,"NaraCOVID_CD8_025_TCR.join.strict.table.txt"
"invred",68,0.00065684617242212,0.0072835278760476,0.00690554389143951,0.00342018736678618,0.00221628735430161,"NaraCOVID_CD8_025_TCR.join.strict.table.txt"
"invturquoise",29,0.000280125573532963,0.00435119847140506,0.00489021695255851,0.00545798016181176,0.00287217123284735,"NaraCOVID_CD8_025_TCR.join.strict.table.txt"
"invyellow",629,0.00607582709490461,0.00158913335477402,0.0106196694747663,0.0372971156970628,0.0161827558268638,"NaraCOVID_CD8_025_TCR.join.strict.table.txt"
"red",442,0.00426950012074378,0.00319718496377154,0.00466661439593915,0.0153770742803012,0.0264882776832295,"NaraCOVID_CD8_025_TCR.join.strict.table.txt"
"singlet",98365,0.950156966916204,0.405399269755387,0.606180723136476,0.34493773716879,0.434580941643482,"NaraCOVID_CD8_025_TCR.join.strict.table.txt"
"turquoise",236,0.00227964259840618,0.0494333982860062,0.0333051652190579,0.0308257466858329,0.151740664371788,"NaraCOVID_CD8_025_TCR.join.strict.table.txt"
"yellow",145,0.00140062786766482,0.0257099074897368,0.0154808471342574,0.00848162406578215,0.0152739494069181,"NaraCOVID_CD8_025_TCR.join.strict.table.txt"
"0",496,0.00687475744303376,0.163329407145662,0.0945196532478328,0.131518150710158,0.133684425710865,"NaraCOVID_CD8_026_TCR.join.strict.table.txt"
"blue",98,0.00135831901092199,0.168826069886141,0.049526976210268,0.0681497056913073,0.0655329173440283,"NaraCOVID_CD8_026_TCR.join.strict.table.txt"
"brown",183,0.00253645284692576,0.0166862976050255,0.013434667300004,0.159489195288382,0.0310337107089665,"NaraCOVID_CD8_026_TCR.join.strict.table.txt"
"green",62,0.00085934468037922,0.000588928150765607,0.0058801409175474,0.00171428954082487,0.00157699533715576,"NaraCOVID_CD8_026_TCR.join.strict.table.txt"
"invblue",134,0.00185729334146477,0.000392618767177071,0.014768633970629,0.0120201161163306,0.0172496033175309,"NaraCOVID_CD8_026_TCR.join.strict.table.txt"
"invgreen",7,9.70227864944281e-05,0.0422065174715351,0.0210960693504334,0.0439353659271561,0.040096566628053,"NaraCOVID_CD8_026_TCR.join.strict.table.txt"
"invred",2,2.77207961412652e-05,0.00215940321947389,0.00241459842457349,0.00200223661213529,0.0012849591636084,"NaraCOVID_CD8_026_TCR.join.strict.table.txt"
"invyellow",225,0.00311858956589233,0.00176678445229682,0.010076000475003,0.0279107765865549,0.0111655163686275,"NaraCOVID_CD8_026_TCR.join.strict.table.txt"
"red",195,0.00270277762377335,0.0186493914409109,0.0245893203499189,0.0403058935399409,0.0627293700779737,"NaraCOVID_CD8_026_TCR.join.strict.table.txt"
"singlet",70579,0.978253035427177,0.269336474283471,0.517212920080751,0.248826448273322,0.247432515307563,"NaraCOVID_CD8_026_TCR.join.strict.table.txt"
"turquoise",161,0.00223152408937185,0.309776207302709,0.242116929897479,0.261174690122076,0.383521372180634,"NaraCOVID_CD8_026_TCR.join.strict.table.txt"
"yellow",6,8.31623884237955e-05,0.00628190027483314,0.0043640897755611,0.00295313159181159,0.00469204785499431,"NaraCOVID_CD8_026_TCR.join.strict.table.txt"
"0",450,0.00513540347153275,0.0317672759927813,0.0191536730364359,0.0186444328215857,0.0265722349432877,"NaraCOVID_CD8_027_TCR.join.strict.table.txt"
"blue",225,0.00256770173576637,0.108098539862362,0.0405175403925112,0.0446933103610949,0.0476418694641177,"NaraCOVID_CD8_027_TCR.join.strict.table.txt"
"brown",314,0.00358337042235841,0.00560395817323052,0.0028434069258133,0.286260755417449,0.0617711273230736,"NaraCOVID_CD8_027_TCR.join.strict.table.txt"
"green",65,0.000741780501443619,0.00158879553755688,0.00591267312516637,0.00089222533304618,0.00165078012673731,"NaraCOVID_CD8_027_TCR.join.strict.table.txt"
"invblue",17,0.000194004131146793,0.000164060408769461,0.000919569899411959,0.000861458942251484,0.000967392654915952,"NaraCOVID_CD8_027_TCR.join.strict.table.txt"
"invbrown",32,0.000365184246864551,0.00296172211620658,0.00366617999370821,0.000830692551456789,0.00328380992953121,"NaraCOVID_CD8_027_TCR.join.strict.table.txt"
"invgreen",47,0.000536364362582309,0.00731364032777543,0.00228279194327706,0.00765057584428104,0.00707350409144967,"NaraCOVID_CD8_027_TCR.join.strict.table.txt"
"invred",128,0.0014607369874582,0.00827209850532333,0.0078728089633866,0.00243054487278097,0.00121589719012372,"NaraCOVID_CD8_027_TCR.join.strict.table.txt"
"invturquoise",23,0.000262476177433896,0.00220186338085329,0.0025328504246961,0.00364068957737235,0.000825390063368657,"NaraCOVID_CD8_027_TCR.join.strict.table.txt"
"invyellow",179,0.00204274938089858,0.000889380110697602,0.00302490098490776,0.0690910582612887,0.0306015584784422,"NaraCOVID_CD8_027_TCR.join.strict.table.txt"
"red",164,0.00187156926518082,0.00816848140504788,0.00672737979043486,0.0258027464131516,0.0429380336191135,"NaraCOVID_CD8_027_TCR.join.strict.table.txt"
"singlet",85684,0.977826469010693,0.589935325659911,0.7529462535593,0.432544688182629,0.50874203454213,"NaraCOVID_CD8_027_TCR.join.strict.table.txt"
"turquoise",210,0.00239652162004862,0.0295654126119281,0.0217994530979019,0.01821370335046,0.129426487033388,"NaraCOVID_CD8_027_TCR.join.strict.table.txt"
"yellow",89,0.00101566868659203,0.203469445907556,0.129800517863049,0.0884431180711524,0.13728988054032,"NaraCOVID_CD8_027_TCR.join.strict.table.txt"
"0",1103,0.0205247487904726,0.0707845312949492,0.0858809742714739,0.0570566472586123,0.0792838874680307,"NaraCOVID_CD8_028_TCR.join.strict.table.txt"
"blue",604,0.011239300334946,0.146944478691489,0.0741012688587845,0.0594220038816109,0.0581249407975751,"NaraCOVID_CD8_028_TCR.join.strict.table.txt"
"brown",255,0.00474506885001861,0.00647680105206921,0.00513350262671231,0.387493934983018,0.0257293738751539,"NaraCOVID_CD8_028_TCR.join.strict.table.txt"
"green",251,0.0046706363974693,0.0333292236879957,0.0729125684554679,0.0307951237263464,0.0335914559060339,"NaraCOVID_CD8_028_TCR.join.strict.table.txt"
"invblue",102,0.00189802754000744,0.00518637241606049,0.0138120675181829,0.0114477195536147,0.0135099933693284,"NaraCOVID_CD8_028_TCR.join.strict.table.txt"
"invbrown",200,0.00372162262746558,0.0603460321374265,0.0705541026995071,0.0351012857836002,0.06692242114237,"NaraCOVID_CD8_028_TCR.join.strict.table.txt"
"invgreen",40,0.000744324525493115,0.0255455554185674,0.0180030254003185,0.0272774138767589,0.0277185753528465,"NaraCOVID_CD8_028_TCR.join.strict.table.txt"
"invred",455,0.00846669147748418,0.0656145974602392,0.0585724234129798,0.026018922852984,0.0182935493037795,"NaraCOVID_CD8_028_TCR.join.strict.table.txt"
"invturquoise",109,0.00202828433196874,0.00577816134467595,0.00806843548091873,0.00990114022319263,0.00228521360234915,"NaraCOVID_CD8_028_TCR.join.strict.table.txt"
"invyellow",227,0.00422404168217343,0.00287675173632516,0.00779492919342996,0.0381034691897137,0.019702567017145,"NaraCOVID_CD8_028_TCR.join.strict.table.txt"
"red",168,0.00312616300707108,0.0250030822340032,0.0242179298098711,0.038391557496361,0.0604101543999242,"NaraCOVID_CD8_028_TCR.join.strict.table.txt"
"singlet",49348,0.918273167100856,0.241490979328484,0.337534109389892,0.154612445414847,0.306988254238894,"NaraCOVID_CD8_028_TCR.join.strict.table.txt"
"turquoise",639,0.0118905842947525,0.0591624542801956,0.0506070787634991,0.030097646773411,0.146964099649522,"NaraCOVID_CD8_028_TCR.join.strict.table.txt"
"yellow",239,0.00444733903982136,0.251460978917519,0.172807584118963,0.0942806889859292,0.140475513877048,"NaraCOVID_CD8_028_TCR.join.strict.table.txt"
"0",526,0.0179436446748994,0.0728000960067205,0.0729630476600439,0.0682348731777344,0.0822790807865435,"NaraCOVID_CD8_029_TCR.join.strict.table.txt"
"blue",249,0.00849423483659685,0.0581140679847589,0.0227605967258101,0.0308623390450259,0.0256455816157309,"NaraCOVID_CD8_029_TCR.join.strict.table.txt"
"brown",149,0.00508289554479088,0.0235816507155501,0.0145683961312366,0.0514706844867985,0.0233120113717129,"NaraCOVID_CD8_029_TCR.join.strict.table.txt"
"green",213,0.0072661526915467,0.0338423689658276,0.0693982969908124,0.0305307205284952,0.0351693911395404,"NaraCOVID_CD8_029_TCR.join.strict.table.txt"
"invblue",78,0.00266084464760865,0.00663046413248927,0.0168955729832255,0.0129243953416325,0.0158493248045487,"NaraCOVID_CD8_029_TCR.join.strict.table.txt"
"invbrown",53,0.00180800982465716,0.0680147610332723,0.0831057722057063,0.0357929827776542,0.0735489220563847,"NaraCOVID_CD8_029_TCR.join.strict.table.txt"
"invgreen",79,0.00269495804052671,0.0158111067774744,0.00651071442984167,0.0160398640364082,0.0152452025586354,"NaraCOVID_CD8_029_TCR.join.strict.table.txt"
"invred",89,0.00303609196970731,0.0238666706669467,0.0245496980050848,0.0147439337810183,0.0114901682065861,"NaraCOVID_CD8_029_TCR.join.strict.table.txt"
"invturquoise",32,0.00109162857337791,0.207944556118928,0.21902366187331,0.21153770633435,0.160293769248993,"NaraCOVID_CD8_029_TCR.join.strict.table.txt"
"invyellow",163,0.00556048304564372,0.0120608442590981,0.0198280848545178,0.0407585337225487,0.0252665245202559,"NaraCOVID_CD8_029_TCR.join.strict.table.txt"
"red",279,0.00951763662413864,0.0289670276919384,0.0261773766125452,0.049101357454217,0.0735015399194504,"NaraCOVID_CD8_029_TCR.join.strict.table.txt"
"singlet",27173,0.926963225762434,0.363670456931985,0.358008582305385,0.387963120530241,0.353269367448472,"NaraCOVID_CD8_029_TCR.join.strict.table.txt"
"turquoise",176,0.0060039571535785,0.0449431460202214,0.0356878623602685,0.0294660505543702,0.0754915896706942,"NaraCOVID_CD8_029_TCR.join.strict.table.txt"
"yellow",55,0.00187623661049328,0.0397527826947886,0.0305223368622123,0.0205734382295062,0.029637526652452,"NaraCOVID_CD8_029_TCR.join.strict.table.txt"
"0",550,0.0148448043184885,0.050575092179847,0.0707638135773955,0.0637210012210012,0.0668430967973446,"NaraCOVID_CD8_030_TCR.join.strict.table.txt"
"blue",250,0.0067476383265857,0.499146992460514,0.240102368171485,0.263755341880342,0.221207499775724,"NaraCOVID_CD8_030_TCR.join.strict.table.txt"
"brown",106,0.00286099865047233,0.0052281107258819,0.00450129548373045,0.164625305250305,0.0272270566071589,"NaraCOVID_CD8_030_TCR.join.strict.table.txt"
"green",97,0.00261808367071525,0.00346706290242694,0.0135991759725203,0.00413995726495726,0.0056427738404952,"NaraCOVID_CD8_030_TCR.join.strict.table.txt"
"invblue",95,0.00256410256410256,0.00264157173518243,0.0157318462117878,0.0127442002442002,0.0144164349152238,"NaraCOVID_CD8_030_TCR.join.strict.table.txt"
"invbrown",31,0.000836707152496626,0.0171151835342029,0.0190533666695405,0.00856608669108669,0.016650219790078,"NaraCOVID_CD8_030_TCR.join.strict.table.txt"
"invgreen",10,0.000269905533063428,0.00187111331242089,0.000553586742958785,0.00188873626373626,0.00176729164797703,"NaraCOVID_CD8_030_TCR.join.strict.table.txt"
"invred",31,0.000836707152496626,0.0333498431566782,0.0313956284797691,0.0254502442002442,0.0181304386830537,"NaraCOVID_CD8_030_TCR.join.strict.table.txt"
"invturquoise",21,0.000566801619433198,0.0163447251114413,0.0194209119660951,0.0215964590964591,0.0106037498878622,"NaraCOVID_CD8_030_TCR.join.strict.table.txt"
"invyellow",280,0.00755735492577598,0.00137581861207418,0.00941097463029934,0.0540865384615385,0.0236924733112048,"NaraCOVID_CD8_030_TCR.join.strict.table.txt"
"red",109,0.00294197031039136,0.0112817126190083,0.0124738521015877,0.0319749694749695,0.0619628599623217,"NaraCOVID_CD8_030_TCR.join.strict.table.txt"
"singlet",35259,0.95165991902834,0.237191128721589,0.470208411795935,0.283959096459096,0.351960168655243,"NaraCOVID_CD8_030_TCR.join.strict.table.txt"
"turquoise",139,0.00375168690958165,0.0241043420835397,0.0199245851502625,0.0159493284493284,0.10802009509285,"NaraCOVID_CD8_030_TCR.join.strict.table.txt"
"yellow",72,0.00194331983805668,0.0963073028451929,0.0728601830466329,0.047542735042735,0.0718758410334619,"NaraCOVID_CD8_030_TCR.join.strict.table.txt"
"0",1346,0.0148123693188071,0.117395410061237,0.0810165341965039,0.108829379173178,0.0943632546150008,"NaraCOVID_CD8_031_TCR.join.strict.table.txt"
"blue",746,0.00820953009794212,0.158952383677674,0.0642491719186114,0.0918809489984373,0.0844524363878264,"NaraCOVID_CD8_031_TCR.join.strict.table.txt"
"brown",461,0.00507318146803125,0.260473301665427,0.135801918817164,0.362679357863333,0.218126351238982,"NaraCOVID_CD8_031_TCR.join.strict.table.txt"
"green",157,0.00172774292945967,0.00285440393750358,0.0280827601341389,0.00370791305583179,0.00352881257275902,"NaraCOVID_CD8_031_TCR.join.strict.table.txt"
"invblue",112,0.00123252998789479,0.00250386310307331,0.00730700388838217,0.00612302883932377,0.00757733244636621,"NaraCOVID_CD8_031_TCR.join.strict.table.txt"
"invbrown",104,0.0011444921316166,0.00592342471241344,0.00773561744354302,0.00219491405029123,0.00730708464992516,"NaraCOVID_CD8_031_TCR.join.strict.table.txt"
"invgreen",169,0.00185979971387697,0.1523278772964,0.0683432885975079,0.156350333854241,0.119600241144188,"NaraCOVID_CD8_031_TCR.join.strict.table.txt"
"invred",218,0.00239903158358094,0.0102873004063412,0.0100912775427071,0.00505043330018469,0.00286358722767337,"NaraCOVID_CD8_031_TCR.join.strict.table.txt"
"invturquoise",115,0.00126554418399912,0.00666027585417501,0.00770990063023337,0.0101647961358147,0.0029987111258939,"NaraCOVID_CD8_031_TCR.join.strict.table.txt"
"invyellow",485,0.00533729503686585,0.0053654209351571,0.012428078645444,0.0307358999857934,0.0140372941959089,"NaraCOVID_CD8_031_TCR.join.strict.table.txt"
"red",235,0.00258611202817211,0.0141647112688147,0.0124829411805046,0.0219065208126154,0.0301690088142358,"NaraCOVID_CD8_031_TCR.join.strict.table.txt"
"singlet",85978,0.946164850885881,0.206769015051794,0.524288672943855,0.17184259127717,0.343105562946948,"NaraCOVID_CD8_031_TCR.join.strict.table.txt"
"turquoise",516,0.00567844172994388,0.0338593830481314,0.0263991660894671,0.0223327177155846,0.0584670713454183,"NaraCOVID_CD8_031_TCR.join.strict.table.txt"
"yellow",228,0.00250907890392869,0.0224632289818577,0.0140636679719378,0.00620116493820145,0.0134032512888741,"NaraCOVID_CD8_031_TCR.join.strict.table.txt"
"0",846,0.0138597640891219,0.0562133223514877,0.0715451643586065,0.0536154025406382,0.0423174476037912,"NaraCOVID_CD8_032_TCR.join.strict.table.txt"
"blue",555,0.00909239842726081,0.102508665362572,0.0368235019103968,0.0261747460306464,0.0186223468161794,"NaraCOVID_CD8_032_TCR.join.strict.table.txt"
"brown",178,0.00291612057667104,0.00159579944404406,0.00147108610488642,0.260701982000139,0.0145841676678681,"NaraCOVID_CD8_032_TCR.join.strict.table.txt"
"green",112,0.0018348623853211,0.0130581008270702,0.0266649470409002,0.0117206935425969,0.00987852089173675,"NaraCOVID_CD8_032_TCR.join.strict.table.txt"
"invblue",21,0.000344036697247706,0.00274546140910807,0.00545914007964017,0.00461018144716871,0.00587371512481645,"NaraCOVID_CD8_032_TCR.join.strict.table.txt"
"invbrown",50,0.00081913499344692,0.0606918562750952,0.0624143545760854,0.0268171483634486,0.0553330663462822,"NaraCOVID_CD8_032_TCR.join.strict.table.txt"
"invgreen",7,0.000114678899082569,0.0010810254298363,0.00057432813683922,0.0011210550513607,0.00106794820451208,"NaraCOVID_CD8_032_TCR.join.strict.table.txt"
"invred",353,0.00578309305373526,0.082844298019836,0.0842166567250802,0.0483376265123222,0.0347083166466426,"NaraCOVID_CD8_032_TCR.join.strict.table.txt"
"invturquoise",111,0.00181847968545216,0.0129551460242287,0.0172358896645118,0.0182076974914819,0.00333733813910025,"NaraCOVID_CD8_032_TCR.join.strict.table.txt"
"invyellow",214,0.00350589777195282,0.000120113936648478,0.00268624353125151,0.0126402106071962,0.00320384461353624,"NaraCOVID_CD8_032_TCR.join.strict.table.txt"
"red",112,0.0018348623853211,0.00272830227530114,0.00410090441567654,0.00833233614016967,0.0187892137231344,"NaraCOVID_CD8_032_TCR.join.strict.table.txt"
"singlet",58051,0.951032110091743,0.268643398881224,0.367769511035161,0.340529918943941,0.46272193298625,"NaraCOVID_CD8_032_TCR.join.strict.table.txt"
"turquoise",333,0.00545543905635649,0.0359827035931226,0.0306308339647584,0.0183021684227763,0.0853691095981845,"NaraCOVID_CD8_032_TCR.join.strict.table.txt"
"yellow",97,0.00158912188728702,0.358831806170425,0.288407438456206,0.168888832906115,0.244193031637966,"NaraCOVID_CD8_032_TCR.join.strict.table.txt"
"0",294,0.00875677607672604,0.0694765915235446,0.0249780893952673,0.0370991512933882,0.0489597190924805,"NaraCOVID_CD8_033_TCR.join.strict.table.txt"
"blue",189,0.00562935604932388,0.0908914087876607,0.0372480280455741,0.043934542867307,0.0431949610403714,"NaraCOVID_CD8_033_TCR.join.strict.table.txt"
"brown",171,0.00509322690176923,0.00956956411802462,0.00686532281624306,0.136199623926412,0.0164707372917402,"NaraCOVID_CD8_033_TCR.join.strict.table.txt"
"green",105,0.00312742002740216,0.0117869021453718,0.0673385918784692,0.0116379529399807,0.0139005782857763,"NaraCOVID_CD8_033_TCR.join.strict.table.txt"
"invblue",3,8.93548579257759e-05,0.000680761675062727,0.00131463628396144,0.0011434669919195,0.0015746748839356,"NaraCOVID_CD8_033_TCR.join.strict.table.txt"
"invbrown",8,0.000238279621135402,0.00260634469881158,0.00365176745544844,0.00101641510392844,0.00330319731400284,"NaraCOVID_CD8_033_TCR.join.strict.table.txt"
"invgreen",85,0.00253172097456365,0.0247019236379904,0.00438212094653812,0.0239619860751131,0.0232852785998063,"NaraCOVID_CD8_033_TCR.join.strict.table.txt"
"invred",18,0.000536129147554655,0.126388267558789,0.114227286006427,0.0954667886364791,0.0633851890062354,"NaraCOVID_CD8_033_TCR.join.strict.table.txt"
"invturquoise",10,0.000297849526419253,0.244938050687569,0.235904177621969,0.290694719723535,0.137413008262518,"NaraCOVID_CD8_033_TCR.join.strict.table.txt"
"invyellow",89,0.00265086078513135,0.000350106004317974,0.000438212094653812,0.00980840575290949,0.00499552032145087,"NaraCOVID_CD8_033_TCR.join.strict.table.txt"
"red",72,0.00214451659021862,0.00213953669305429,0.000730353491089687,0.00848706611780251,0.0126516982054136,"NaraCOVID_CD8_033_TCR.join.strict.table.txt"
"singlet",32406,0.965211175314231,0.394783420535662,0.493134677183757,0.334934187122021,0.604213612792876,"NaraCOVID_CD8_033_TCR.join.strict.table.txt"
"turquoise",115,0.00342526955382141,0.011631299476786,0.00292141396435875,0.00243939624942827,0.0207151195938425,"NaraCOVID_CD8_033_TCR.join.strict.table.txt"
"yellow",9,0.000268064573777328,0.0100558224573551,0.00686532281624306,0.00317629719977639,0.00593670530955031,"NaraCOVID_CD8_033_TCR.join.strict.table.txt"
"0",773,0.036262138199559,0.205942035378711,0.183205964585275,0.20973904855037,0.187379708551004,"NaraCOVID_CD8_034_TCR.join.strict.table.txt"
"blue",206,0.00966364873105972,0.283559045392386,0.107101584342964,0.185998080440412,0.114085392199222,"NaraCOVID_CD8_034_TCR.join.strict.table.txt"
"brown",129,0.00605150818595487,0.0218359874718779,0.0120037278657968,0.0901830825229532,0.0214658863270356,"NaraCOVID_CD8_034_TCR.join.strict.table.txt"
"green",169,0.00792794483276258,0.00957254400282324,0.0401677539608574,0.00965212509733616,0.0135708393888212,"NaraCOVID_CD8_034_TCR.join.strict.table.txt"
"invblue",176,0.00825632124595393,0.0240195862190657,0.0847716682199441,0.0716213034896145,0.0904984484858007,"NaraCOVID_CD8_034_TCR.join.strict.table.txt"
"invbrown",74,0.00347140779659427,0.0153513608893202,0.0227586206896552,0.00519729812933485,0.019992929808712,"NaraCOVID_CD8_034_TCR.join.strict.table.txt"
"invgreen",37,0.00173570389829713,0.0140500242622083,0.0059645852749301,0.0138534253273211,0.0121960799717192,"NaraCOVID_CD8_034_TCR.join.strict.table.txt"
"invred",97,0.0045503588685087,0.0125060655520755,0.0119850885368127,0.00414697307183861,0.00263168231273813,"NaraCOVID_CD8_034_TCR.join.strict.table.txt"
"invturquoise",47,0.00220481305999906,0.00652873968856147,0.0084995340167754,0.0101229604679379,0.00290663419615853,"NaraCOVID_CD8_034_TCR.join.strict.table.txt"
"invyellow",211,0.00989820331191068,0.0382681194582911,0.0675302889095993,0.110809293565854,0.0793236183667858,"NaraCOVID_CD8_034_TCR.join.strict.table.txt"
"red",218,0.010226579725102,0.0130795359301248,0.01381174277726,0.0303326632983829,0.0469578538041557,"NaraCOVID_CD8_034_TCR.join.strict.table.txt"
"singlet",18974,0.890087723413238,0.306696369491376,0.404920782851817,0.235870411618768,0.339644133705173,"NaraCOVID_CD8_034_TCR.join.strict.table.txt"
"turquoise",160,0.00750574658723085,0.0295778375755437,0.0250326188257223,0.0166060013400699,0.0561491024784948,"NaraCOVID_CD8_034_TCR.join.strict.table.txt"
"yellow",46,0.00215790214382887,0.0190127486876351,0.0122460391425909,0.0058673330798066,0.0131976904041793,"NaraCOVID_CD8_034_TCR.join.strict.table.txt"
"0",635,0.0153019422622777,0.119128603822481,0.0922580424834369,0.110447547054762,0.0988627079009401,"NaraCOVID_CD8_035_TCR.join.strict.table.txt"
"blue",250,0.00602438671743217,0.254953568729079,0.132026500922068,0.150440732072562,0.116621744724411,"NaraCOVID_CD8_035_TCR.join.strict.table.txt"
"brown",229,0.00551833823316786,0.0133354929273297,0.00749607267263165,0.128166500775653,0.0209896601271588,"NaraCOVID_CD8_035_TCR.join.strict.table.txt"
"green",320,0.00771121499831317,0.00974516790843321,0.0398538351205519,0.0078013612030237,0.0129694499488172,"NaraCOVID_CD8_035_TCR.join.strict.table.txt"
"invblue",108,0.0026025350619307,0.00770705107439801,0.0203196502971109,0.017387171692716,0.0209427033930936,"NaraCOVID_CD8_035_TCR.join.strict.table.txt"
"invbrown",73,0.00175912092149019,0.0634110787172012,0.0717164128133324,0.0417776343044683,0.0655140353678121,"NaraCOVID_CD8_035_TCR.join.strict.table.txt"
"invgreen",103,0.00248204732758205,0.0120532339920095,0.00358582064066662,0.0121145275692931,0.011917619105756,"NaraCOVID_CD8_035_TCR.join.strict.table.txt"
"invred",84,0.00202419393705721,0.0254427167692474,0.0255105525578854,0.019628942153355,0.0145847616006612,"NaraCOVID_CD8_035_TCR.join.strict.table.txt"
"invturquoise",41,0.000987999421658875,0.0621153223194039,0.0633665733214944,0.0723105479783714,0.0417633192776176,"NaraCOVID_CD8_035_TCR.join.strict.table.txt"
"invyellow",269,0.00648224010795701,0.00670823885109599,0.0135236664162284,0.0355096440965217,0.022435927536368,"NaraCOVID_CD8_035_TCR.join.strict.table.txt"
"red",374,0.00901248252927852,0.0134839650145773,0.0124649955604125,0.0325325729247931,0.0468346465566627,"NaraCOVID_CD8_035_TCR.join.strict.table.txt"
"singlet",38770,0.93426189213938,0.288832199546485,0.428317737859436,0.315650247939813,0.420863816079864,"NaraCOVID_CD8_035_TCR.join.strict.table.txt"
"turquoise",169,0.00407248542098414,0.0254832091566785,0.0150092206816474,0.012822927034855,0.0404673134174172,"NaraCOVID_CD8_035_TCR.join.strict.table.txt"
"yellow",73,0.00175912092149019,0.0976001511715797,0.0745509186530975,0.0434096431998135,0.0652322949634207,"NaraCOVID_CD8_035_TCR.join.strict.table.txt"
"0",487,0.00788472435845544,0.111597693599007,0.0951659577773893,0.092189257127737,0.117342264542,"NaraCOVID_CD8_036_TCR.join.strict.table.txt"
"blue",206,0.00333522221322756,0.061941950709194,0.0238497543164559,0.0280230865912549,0.0257573254434315,"NaraCOVID_CD8_036_TCR.join.strict.table.txt"
"brown",107,0.00173237270298713,0.00490231856555483,0.00250538950067005,0.113746113646888,0.0155144706606792,"NaraCOVID_CD8_036_TCR.join.strict.table.txt"
"green",191,0.00309236622682749,0.00924506727002895,0.0313270795703937,0.00867400939339816,0.0105131940585435,"NaraCOVID_CD8_036_TCR.join.strict.table.txt"
"invblue",63,0.00101999514288027,0.00436707782886894,0.0118666122861194,0.00921975259641463,0.0118348527401889,"NaraCOVID_CD8_036_TCR.join.strict.table.txt"
"invbrown",50,0.000809519954666883,0.00833272510522346,0.01058478509973,0.00402692333134881,0.0101827793881321,"NaraCOVID_CD8_036_TCR.join.strict.table.txt"
"invgreen",60,0.000971423945600259,0.00901394058827823,0.00435044378410923,0.00959185023483495,0.00938678040941381,"NaraCOVID_CD8_036_TCR.join.strict.table.txt"
"invred",93,0.0015057071156804,0.00678782570615284,0.0071471576453223,0.00219124164847523,0.000976225162579037,"NaraCOVID_CD8_036_TCR.join.strict.table.txt"
"invturquoise",29,0.000469521573706792,0.00211663382234873,0.00269960574103207,0.00338195409142026,0.00036045236772149,"NaraCOVID_CD8_036_TCR.join.strict.table.txt"
"invyellow",72,0.00116570873472031,0.00180035520521616,0.00390374643127658,0.0109810147516042,0.00576723788354385,"NaraCOVID_CD8_036_TCR.join.strict.table.txt"
"red",306,0.00495426212256132,0.0135391577257135,0.00955543902581134,0.0357544486339882,0.0558851358454861,"NaraCOVID_CD8_036_TCR.join.strict.table.txt"
"singlet",59868,0.969286812919938,0.612205921708878,0.687331274641185,0.611100085995898,0.585419701725666,"NaraCOVID_CD8_036_TCR.join.strict.table.txt"
"turquoise",193,0.00312474702501417,0.0243656180814052,0.0146827477713686,0.013891645167692,0.0426985867263416,"NaraCOVID_CD8_036_TCR.join.strict.table.txt"
"yellow",40,0.000647615963733506,0.12978371408413,0.0950300064091359,0.0572286167890454,0.108360993046273,"NaraCOVID_CD8_036_TCR.join.strict.table.txt"
"0",481,0.0101014343616776,0.19244588929763,0.233598691041817,0.223640492410661,0.188064261858133,"NaraCOVID_CD8_037_TCR.join.strict.table.txt"
"blue",81,0.00170107314614528,0.0125474092451593,0.00369193333543102,0.00454165172702283,0.00468068162426153,"NaraCOVID_CD8_037_TCR.join.strict.table.txt"
"brown",294,0.00617426549341622,0.106645849374055,0.0919836799765059,0.220485239631887,0.113165229686573,"NaraCOVID_CD8_037_TCR.join.strict.table.txt"
"green",169,0.00354915261356238,0.0118915219437078,0.0284446681979799,0.00905940002390343,0.0121892750631811,"NaraCOVID_CD8_037_TCR.join.strict.table.txt"
"invblue",35,0.000735031606359073,0.00253086947842701,0.0059784147761241,0.00490020317915621,0.00585085203032692,"NaraCOVID_CD8_037_TCR.join.strict.table.txt"
"invbrown",128,0.00268811558897033,0.0899207231870419,0.0970495998657479,0.0609059400023903,0.0980749071583549,"NaraCOVID_CD8_037_TCR.join.strict.table.txt"
"invgreen",73,0.00153306592183464,0.00989534320015969,0.00344021060801527,0.0101111509501613,0.00938574179864943,"NaraCOVID_CD8_037_TCR.join.strict.table.txt"
"invred",101,0.0021210912069219,0.0172241708729004,0.0184072244422768,0.0129556591370862,0.0112141330581266,"NaraCOVID_CD8_037_TCR.join.strict.table.txt"
"invturquoise",32,0.000672028897242581,0.00741437819032138,0.00990109394501956,0.0116170670491215,0.00537140721117513,"NaraCOVID_CD8_037_TCR.join.strict.table.txt"
"invyellow",108,0.00226809752819371,0.0293509567399549,0.0409888507808649,0.0580853352456077,0.0395095035714576,"NaraCOVID_CD8_037_TCR.join.strict.table.txt"
"red",75,0.0015750677279123,0.00711495137878917,0.00552741155617088,0.0128600454165173,0.0176907012083635,"NaraCOVID_CD8_037_TCR.join.strict.table.txt"
"singlet",45597,0.957578175861562,0.374746913052157,0.35005191781253,0.291311103143301,0.353001405829724,"NaraCOVID_CD8_037_TCR.join.strict.table.txt"
"turquoise",327,0.00686729529369763,0.0714988450680127,0.0568578710550329,0.0468507230787618,0.0961083707814951,"NaraCOVID_CD8_037_TCR.join.strict.table.txt"
"yellow",116,0.00243610475250436,0.0667721789716828,0.054078432606484,0.0326759890044221,0.0456935291201781,"NaraCOVID_CD8_037_TCR.join.strict.table.txt"
"0",629,0.0171961288206025,0.0755587115923181,0.0541303006259367,0.0620670064860259,0.0782815739886626,"NaraCOVID_CD8_038_TCR.join.strict.table.txt"
"blue",204,0.00557712286073596,0.024199532445565,0.0033500837520938,0.00872693988984803,0.00797086023794319,"NaraCOVID_CD8_038_TCR.join.strict.table.txt"
"brown",523,0.0142982120400241,0.0403245753313174,0.0215992241911311,0.293291460855019,0.0549839557857723,"NaraCOVID_CD8_038_TCR.join.strict.table.txt"
"green",334,0.00913117174257751,0.155792967534488,0.306664903464692,0.133145012388152,0.161853402398354,"NaraCOVID_CD8_038_TCR.join.strict.table.txt"
"invblue",37,0.00101153698944721,0.0111064125170546,0.0182050603896676,0.0171540391686525,0.0178023762782153,"NaraCOVID_CD8_038_TCR.join.strict.table.txt"
"invbrown",44,0.0012029088523156,0.0600799470211357,0.0707925592876664,0.050120725298657,0.0645158747053305,"NaraCOVID_CD8_038_TCR.join.strict.table.txt"
"invgreen",343,0.00937722128055115,0.0648991087742255,0.0175438596491228,0.0732715766881815,0.0691202094026191,"NaraCOVID_CD8_038_TCR.join.strict.table.txt"
"invred",31,0.000847503964131445,0.0203378200473937,0.0222163448823063,0.0142029763125917,0.0123702074315854,"NaraCOVID_CD8_038_TCR.join.strict.table.txt"
"invturquoise",35,0.000956859314341954,0.0374522272665619,0.0456669311469629,0.0462859216942573,0.0316390327743482,"NaraCOVID_CD8_038_TCR.join.strict.table.txt"
"invyellow",186,0.00508502378478867,0.0103803467562414,0.014326016045138,0.0305679612416558,0.0213029321097156,"NaraCOVID_CD8_038_TCR.join.strict.table.txt"
"red",295,0.00806495707802504,0.0364628629331461,0.0293573128801904,0.0554862941278583,0.0851328870913062,"NaraCOVID_CD8_038_TCR.join.strict.table.txt"
"singlet",33485,0.915440975449724,0.417025045279376,0.3682447324341,0.188994271466221,0.296719411528182,"NaraCOVID_CD8_038_TCR.join.strict.table.txt"
"turquoise",411,0.0112362622341298,0.0380187181348887,0.0212025037468042,0.0228036675241056,0.0921576511585736,"NaraCOVID_CD8_038_TCR.join.strict.table.txt"
"yellow",21,0.000574115588605172,0.00836172436628821,0.0067001675041876,0.00388214685877507,0.00614962510939237,"NaraCOVID_CD8_038_TCR.join.strict.table.txt"
"0",652,0.0182418443288009,0.131061576565035,0.164674665977881,0.162795608108108,0.155329123612706,"NaraCOVID_CD8_039_TCR.join.strict.table.txt"
"blue",201,0.00562363605841867,0.0445298488342301,0.012374668326015,0.0149387668918919,0.0159108304630693,"NaraCOVID_CD8_039_TCR.join.strict.table.txt"
"brown",327,0.00914890045324828,0.0610470578187719,0.0455772888440134,0.230099239864865,0.070273631840796,"NaraCOVID_CD8_039_TCR.join.strict.table.txt"
"green",410,0.0114710984276202,0.0160560252796994,0.0697630732383122,0.00950168918918919,0.0217278989667049,"NaraCOVID_CD8_039_TCR.join.strict.table.txt"
"invblue",43,0.00120306642045772,0.00698607908446494,0.0204757320309014,0.0175253378378378,0.0195177956371986,"NaraCOVID_CD8_039_TCR.join.strict.table.txt"
"invbrown",113,0.00316154663980751,0.0179007600990691,0.023363937351774,0.00475084459459459,0.0196900114810563,"NaraCOVID_CD8_039_TCR.join.strict.table.txt"
"invgreen",32,0.00089530524313133,0.00966777692373388,0.00382745908375795,0.0116659628378378,0.0101511672407195,"NaraCOVID_CD8_039_TCR.join.strict.table.txt"
"invred",84,0.00235017626321974,0.0116491587667606,0.0119050414445723,0.00517314189189189,0.00294680443934175,"NaraCOVID_CD8_039_TCR.join.strict.table.txt"
"invturquoise",41,0.00114710984276202,0.00859168161243488,0.0106605302087491,0.0138830236486486,0.00459242250287026,"NaraCOVID_CD8_039_TCR.join.strict.table.txt"
"invyellow",189,0.00528789659224442,0.0236399350926638,0.042008124545049,0.0850929054054054,0.0496364332185228,"NaraCOVID_CD8_039_TCR.join.strict.table.txt"
"red",73,0.00204241508589335,0.0393372619352635,0.0351515720759856,0.062816722972973,0.0776597780329124,"NaraCOVID_CD8_039_TCR.join.strict.table.txt"
"singlet",33240,0.929998321302669,0.575915962080451,0.526944842322775,0.367557010135135,0.492097206276311,"NaraCOVID_CD8_039_TCR.join.strict.table.txt"
"turquoise",212,0.00593139723574506,0.0236057733367495,0.0139713997229201,0.00855152027027027,0.044804822043628,"NaraCOVID_CD8_039_TCR.join.strict.table.txt"
"yellow",125,0.00349728610598176,0.0300111025706721,0.0193016648272947,0.00564822635135135,0.0156620742441638,"NaraCOVID_CD8_039_TCR.join.strict.table.txt"
"0",617,0.00689423990167048,0.0562040025823112,0.064167086059386,0.0560149287345967,0.0532210307514926,"NaraCOVID_CD8_040_TCR.join.strict.table.txt"
"blue",194,0.00216771886697581,0.0262621045836023,0.00598892803220936,0.00968437308966893,0.0100033019557321,"NaraCOVID_CD8_040_TCR.join.strict.table.txt"
"brown",650,0.00726297558522822,0.0363363460296966,0.0180171112229492,0.218557961455552,0.0386815994457045,"NaraCOVID_CD8_040_TCR.join.strict.table.txt"
"green",478,0.00534108050729091,0.0599774047772757,0.162003019627579,0.0555001447829864,0.0595542901065828,"NaraCOVID_CD8_040_TCR.join.strict.table.txt"
"invblue",34,0.000379909492150399,0.00828276307295029,0.0154504277805737,0.0135130787297706,0.014945409469576,"NaraCOVID_CD8_040_TCR.join.strict.table.txt"
"invbrown",48,0.000536342812447623,0.0106262104583602,0.014443885254152,0.00318522570058878,0.0105229540053806,"NaraCOVID_CD8_040_TCR.join.strict.table.txt"
"invgreen",99,0.00110620705067322,0.0141736604260813,0.00176144942123805,0.017277436375921,0.0143391487449862,"NaraCOVID_CD8_040_TCR.join.strict.table.txt"
"invred",43,0.000480473769484329,0.0243576500968367,0.0267237040764972,0.0192400501914353,0.0126232143727096,"NaraCOVID_CD8_040_TCR.join.strict.table.txt"
"invturquoise",76,0.000849209453042069,0.0249257585539057,0.0374937091092099,0.0380940124191628,0.0151511050725618,"NaraCOVID_CD8_040_TCR.join.strict.table.txt"
"invyellow",74,0.000826861835856752,0.0187120723047127,0.0273779567186714,0.0456227277114636,0.0283968192964128,"NaraCOVID_CD8_040_TCR.join.strict.table.txt"
"red",58,0.000648080898374211,0.00506778566817302,0.00342224458983392,0.00962002509571764,0.0134838880799398,"NaraCOVID_CD8_040_TCR.join.strict.table.txt"
"singlet",86415,0.965584669534611,0.685474499677211,0.610870659285355,0.505131752517615,0.681453293565517,"NaraCOVID_CD8_040_TCR.join.strict.table.txt"
"turquoise",689,0.00769875412034192,0.018166559070368,0.00291897332662305,0.00292783372478363,0.0386058168551308,"NaraCOVID_CD8_040_TCR.join.strict.table.txt"
"yellow",20,0.000223476171853176,0.0114331826985152,0.00936084549572219,0.00563044947073775,0.00901812827827367,"NaraCOVID_CD8_040_TCR.join.strict.table.txt"
"0",439,0.00942788420238811,0.0446857872969974,0.0592092540829422,0.0579689851927049,0.0502108890882715,"NaraCOVID_CD8_041_TCR.join.strict.table.txt"
"blue",160,0.00343613091658792,0.033556369994284,0.00745389659476469,0.0100465572163685,0.00909799844034312,"NaraCOVID_CD8_041_TCR.join.strict.table.txt"
"brown",262,0.00562666437591272,0.0559496990686258,0.0429653850886908,0.135295970875486,0.0513848243708965,"NaraCOVID_CD8_041_TCR.join.strict.table.txt"
"green",192,0.00412335709990551,0.00763256111092431,0.046797813054867,0.0085063184793643,0.0122592384514117,"NaraCOVID_CD8_041_TCR.join.strict.table.txt"
"invblue",65,0.00139592818486384,0.0118691368817457,0.0264753968672538,0.0256589771414569,0.0278306514502293,"NaraCOVID_CD8_041_TCR.join.strict.table.txt"
"invbrown",27,0.000579847092174212,0.0031606200195017,0.00443014608934128,0.000595092239297091,0.00355534685594976,"NaraCOVID_CD8_041_TCR.join.strict.table.txt"
"invgreen",29,0.000622798728631561,0.00544702599105612,0.00159977497670657,0.00605593867049393,0.00517370049556839,"NaraCOVID_CD8_041_TCR.join.strict.table.txt"
"invred",40,0.00085903272914698,0.010793181130426,0.0122180616352865,0.00703609059404208,0.00452803609012469,"NaraCOVID_CD8_041_TCR.join.strict.table.txt"
"invturquoise",50,0.00107379091143373,0.0786456406980263,0.0933319269377494,0.117408198270732,0.0521730380606589,"NaraCOVID_CD8_041_TCR.join.strict.table.txt"
"invyellow",274,0.00588437419465682,0.0331865102047678,0.0625318636499481,0.115797948682046,0.0644574322681268,"NaraCOVID_CD8_041_TCR.join.strict.table.txt"
"red",68,0.00146035563954987,0.00739719579032312,0.00861417295149693,0.019568033045122,0.0246274851790671,"NaraCOVID_CD8_041_TCR.join.strict.table.txt"
"singlet",44818,0.962503221372734,0.675195857570357,0.610586642757942,0.481604648720552,0.660296670216423,"NaraCOVID_CD8_041_TCR.join.strict.table.txt"
"turquoise",50,0.00107379091143373,0.0131468343364379,0.0109698855545594,0.00920642699618441,0.0234619351484609,"NaraCOVID_CD8_041_TCR.join.strict.table.txt"
"yellow",90,0.00193282364058071,0.0193335799065263,0.0128157797584516,0.0052508138761508,0.010942753884468,"NaraCOVID_CD8_041_TCR.join.strict.table.txt"
